Command line invocation:
    /Applications/Xcode.app/Contents/Developer/usr/bin/xcodebuild -project PhotoTinder.xcodeproj -scheme PhotoTinder -destination "platform=iOS Simulator,id=34C20ACC-6657-467B-BAF1-CF34097AE244" -derivedDataPath build build CODE_SIGNING_ALLOWED=NO

Build settings from command line:
    CODE_SIGNING_ALLOWED = NO

ComputePackagePrebuildTargetDependencyGraph

Prepare packages

CreateBuildRequest

SendProjectDescription

CreateBuildOperation

ComputeTargetDependencyGraph
note: Building targets in dependency order
note: Target dependency graph (1 target)
    Target 'PhotoTinder' in project 'PhotoTinder' (no dependencies)

GatherProvisioningInputs

CreateBuildDescription

ExecuteExternalTool /Applications/Xcode.app/Contents/Developer/Toolchains/XcodeDefault.xctoolchain/usr/bin/clang -v -E -dM -isysroot /Applications/Xcode.app/Contents/Developer/Platforms/iPhoneSimulator.platform/Developer/SDKs/iPhoneSimulator26.5.sdk -x c -c /dev/null

ExecuteExternalTool /Applications/Xcode.app/Contents/Developer/usr/bin/actool --print-asset-tag-combinations --output-format xml1 /Users/djoshea/Desktop/projects/photo-tinder/PhotoTinder/Assets.xcassets

ExecuteExternalTool /Applications/Xcode.app/Contents/Developer/usr/bin/actool --version --output-format xml1

ExecuteExternalTool /Applications/Xcode.app/Contents/Developer/Toolchains/XcodeDefault.xctoolchain/usr/bin/swiftc --version

ExecuteExternalTool /Applications/Xcode.app/Contents/Developer/Toolchains/XcodeDefault.xctoolchain/usr/bin/ld -version_details

Build description signature: 715a50c63edc27f0eb0e314080f7e844
Build description path: /Users/djoshea/Desktop/projects/photo-tinder/build/Build/Intermediates.noindex/XCBuildData/715a50c63edc27f0eb0e314080f7e844.xcbuilddata
CreateBuildDirectory /Users/djoshea/Desktop/projects/photo-tinder/build/Build/Products
    cd /Users/djoshea/Desktop/projects/photo-tinder/PhotoTinder.xcodeproj
    builtin-create-build-directory /Users/djoshea/Desktop/projects/photo-tinder/build/Build/Products

CreateBuildDirectory /Users/djoshea/Desktop/projects/photo-tinder/build/Build/Intermediates.noindex
    cd /Users/djoshea/Desktop/projects/photo-tinder/PhotoTinder.xcodeproj
    builtin-create-build-directory /Users/djoshea/Desktop/projects/photo-tinder/build/Build/Intermediates.noindex

ClangStatCache /Applications/Xcode.app/Contents/Developer/Toolchains/XcodeDefault.xctoolchain/usr/bin/clang-stat-cache /Applications/Xcode.app/Contents/Developer/Platforms/iPhoneSimulator.platform/Developer/SDKs/iPhoneSimulator26.5.sdk /Users/djoshea/Desktop/projects/photo-tinder/build/SDKStatCaches.noindex/iphonesimulator26.5-23F81a-6cfe768891a92b912361537c460fe42b.sdkstatcache
    cd /Users/djoshea/Desktop/projects/photo-tinder/PhotoTinder.xcodeproj
    /Applications/Xcode.app/Contents/Developer/Toolchains/XcodeDefault.xctoolchain/usr/bin/clang-stat-cache /Applications/Xcode.app/Contents/Developer/Platforms/iPhoneSimulator.platform/Developer/SDKs/iPhoneSimulator26.5.sdk -o /Users/djoshea/Desktop/projects/photo-tinder/build/SDKStatCaches.noindex/iphonesimulator26.5-23F81a-6cfe768891a92b912361537c460fe42b.sdkstatcache

CreateBuildDirectory /Users/djoshea/Desktop/projects/photo-tinder/build/Build/Intermediates.noindex/SwiftExplicitPrecompiledModules
    cd /Users/djoshea/Desktop/projects/photo-tinder/PhotoTinder.xcodeproj
    builtin-create-build-directory /Users/djoshea/Desktop/projects/photo-tinder/build/Build/Intermediates.noindex/SwiftExplicitPrecompiledModules

CreateBuildDirectory /Users/djoshea/Desktop/projects/photo-tinder/build/Build/Products/Debug-iphonesimulator
    cd /Users/djoshea/Desktop/projects/photo-tinder/PhotoTinder.xcodeproj
    builtin-create-build-directory /Users/djoshea/Desktop/projects/photo-tinder/build/Build/Products/Debug-iphonesimulator

CreateBuildDirectory /Users/djoshea/Desktop/projects/photo-tinder/build/Build/Intermediates.noindex/ExplicitPrecompiledModules
    cd /Users/djoshea/Desktop/projects/photo-tinder/PhotoTinder.xcodeproj
    builtin-create-build-directory /Users/djoshea/Desktop/projects/photo-tinder/build/Build/Intermediates.noindex/ExplicitPrecompiledModules

CreateBuildDirectory /Users/djoshea/Desktop/projects/photo-tinder/build/Build/Intermediates.noindex/EagerLinkingTBDs/Debug-iphonesimulator
    cd /Users/djoshea/Desktop/projects/photo-tinder/PhotoTinder.xcodeproj
    builtin-create-build-directory /Users/djoshea/Desktop/projects/photo-tinder/build/Build/Intermediates.noindex/EagerLinkingTBDs/Debug-iphonesimulator

WriteAuxiliaryFile /Users/djoshea/Desktop/projects/photo-tinder/build/Build/Intermediates.noindex/PhotoTinder.build/Debug-iphonesimulator/PhotoTinder-ecba05a2b91ba5875724f36bb014588d-VFS-iphonesimulator/all-product-headers.yaml
    cd /Users/djoshea/Desktop/projects/photo-tinder/PhotoTinder.xcodeproj
    write-file /Users/djoshea/Desktop/projects/photo-tinder/build/Build/Intermediates.noindex/PhotoTinder.build/Debug-iphonesimulator/PhotoTinder-ecba05a2b91ba5875724f36bb014588d-VFS-iphonesimulator/all-product-headers.yaml

WriteAuxiliaryFile /Users/djoshea/Desktop/projects/photo-tinder/build/Build/Intermediates.noindex/PhotoTinder.build/Debug-iphonesimulator/PhotoTinder.build/PhotoTinder-own-target-headers.hmap (in target 'PhotoTinder' from project 'PhotoTinder')
    cd /Users/djoshea/Desktop/projects/photo-tinder
    write-file /Users/djoshea/Desktop/projects/photo-tinder/build/Build/Intermediates.noindex/PhotoTinder.build/Debug-iphonesimulator/PhotoTinder.build/PhotoTinder-own-target-headers.hmap

WriteAuxiliaryFile /Users/djoshea/Desktop/projects/photo-tinder/build/Build/Intermediates.noindex/PhotoTinder.build/Debug-iphonesimulator/PhotoTinder.build/empty-PhotoTinder.plist (in target 'PhotoTinder' from project 'PhotoTinder')
    cd /Users/djoshea/Desktop/projects/photo-tinder
    write-file /Users/djoshea/Desktop/projects/photo-tinder/build/Build/Intermediates.noindex/PhotoTinder.build/Debug-iphonesimulator/PhotoTinder.build/empty-PhotoTinder.plist

WriteAuxiliaryFile /Users/djoshea/Desktop/projects/photo-tinder/build/Build/Intermediates.noindex/PhotoTinder.build/Debug-iphonesimulator/PhotoTinder.build/PhotoTinder-project-headers.hmap (in target 'PhotoTinder' from project 'PhotoTinder')
    cd /Users/djoshea/Desktop/projects/photo-tinder
    write-file /Users/djoshea/Desktop/projects/photo-tinder/build/Build/Intermediates.noindex/PhotoTinder.build/Debug-iphonesimulator/PhotoTinder.build/PhotoTinder-project-headers.hmap

WriteAuxiliaryFile /Users/djoshea/Desktop/projects/photo-tinder/build/Build/Intermediates.noindex/PhotoTinder.build/Debug-iphonesimulator/PhotoTinder.build/PhotoTinder-DebugDylibInstallName-normal-x86_64.txt (in target 'PhotoTinder' from project 'PhotoTinder')
    cd /Users/djoshea/Desktop/projects/photo-tinder
    write-file /Users/djoshea/Desktop/projects/photo-tinder/build/Build/Intermediates.noindex/PhotoTinder.build/Debug-iphonesimulator/PhotoTinder.build/PhotoTinder-DebugDylibInstallName-normal-x86_64.txt

WriteAuxiliaryFile /Users/djoshea/Desktop/projects/photo-tinder/build/Build/Intermediates.noindex/PhotoTinder.build/Debug-iphonesimulator/PhotoTinder.build/PhotoTinder-generated-files.hmap (in target 'PhotoTinder' from project 'PhotoTinder')
    cd /Users/djoshea/Desktop/projects/photo-tinder
    write-file /Users/djoshea/Desktop/projects/photo-tinder/build/Build/Intermediates.noindex/PhotoTinder.build/Debug-iphonesimulator/PhotoTinder.build/PhotoTinder-generated-files.hmap

WriteAuxiliaryFile /Users/djoshea/Desktop/projects/photo-tinder/build/Build/Intermediates.noindex/PhotoTinder.build/Debug-iphonesimulator/PhotoTinder.build/PhotoTinder-DebugDylibInstallName-normal-arm64.txt (in target 'PhotoTinder' from project 'PhotoTinder')
    cd /Users/djoshea/Desktop/projects/photo-tinder
    write-file /Users/djoshea/Desktop/projects/photo-tinder/build/Build/Intermediates.noindex/PhotoTinder.build/Debug-iphonesimulator/PhotoTinder.build/PhotoTinder-DebugDylibInstallName-normal-arm64.txt

WriteAuxiliaryFile /Users/djoshea/Desktop/projects/photo-tinder/build/Build/Intermediates.noindex/PhotoTinder.build/Debug-iphonesimulator/PhotoTinder.build/PhotoTinder.DependencyStaticMetadataFileList (in target 'PhotoTinder' from project 'PhotoTinder')
    cd /Users/djoshea/Desktop/projects/photo-tinder
    write-file /Users/djoshea/Desktop/projects/photo-tinder/build/Build/Intermediates.noindex/PhotoTinder.build/Debug-iphonesimulator/PhotoTinder.build/PhotoTinder.DependencyStaticMetadataFileList

WriteAuxiliaryFile /Users/djoshea/Desktop/projects/photo-tinder/build/Build/Intermediates.noindex/PhotoTinder.build/Debug-iphonesimulator/PhotoTinder.build/PhotoTinder.DependencyMetadataFileList (in target 'PhotoTinder' from project 'PhotoTinder')
    cd /Users/djoshea/Desktop/projects/photo-tinder
    write-file /Users/djoshea/Desktop/projects/photo-tinder/build/Build/Intermediates.noindex/PhotoTinder.build/Debug-iphonesimulator/PhotoTinder.build/PhotoTinder.DependencyMetadataFileList

WriteAuxiliaryFile /Users/djoshea/Desktop/projects/photo-tinder/build/Build/Intermediates.noindex/PhotoTinder.build/Debug-iphonesimulator/PhotoTinder.build/PhotoTinder.hmap (in target 'PhotoTinder' from project 'PhotoTinder')
    cd /Users/djoshea/Desktop/projects/photo-tinder
    write-file /Users/djoshea/Desktop/projects/photo-tinder/build/Build/Intermediates.noindex/PhotoTinder.build/Debug-iphonesimulator/PhotoTinder.build/PhotoTinder.hmap

WriteAuxiliaryFile /Users/djoshea/Desktop/projects/photo-tinder/build/Build/Intermediates.noindex/PhotoTinder.build/Debug-iphonesimulator/PhotoTinder.build/PhotoTinder-all-non-framework-target-headers.hmap (in target 'PhotoTinder' from project 'PhotoTinder')
    cd /Users/djoshea/Desktop/projects/photo-tinder
    write-file /Users/djoshea/Desktop/projects/photo-tinder/build/Build/Intermediates.noindex/PhotoTinder.build/Debug-iphonesimulator/PhotoTinder.build/PhotoTinder-all-non-framework-target-headers.hmap

WriteAuxiliaryFile /Users/djoshea/Desktop/projects/photo-tinder/build/Build/Intermediates.noindex/PhotoTinder.build/Debug-iphonesimulator/PhotoTinder.build/PhotoTinder-all-target-headers.hmap (in target 'PhotoTinder' from project 'PhotoTinder')
    cd /Users/djoshea/Desktop/projects/photo-tinder
    write-file /Users/djoshea/Desktop/projects/photo-tinder/build/Build/Intermediates.noindex/PhotoTinder.build/Debug-iphonesimulator/PhotoTinder.build/PhotoTinder-all-target-headers.hmap

WriteAuxiliaryFile /Users/djoshea/Desktop/projects/photo-tinder/build/Build/Intermediates.noindex/PhotoTinder.build/Debug-iphonesimulator/PhotoTinder.build/PhotoTinder-DebugDylibPath-normal-arm64.txt (in target 'PhotoTinder' from project 'PhotoTinder')
    cd /Users/djoshea/Desktop/projects/photo-tinder
    write-file /Users/djoshea/Desktop/projects/photo-tinder/build/Build/Intermediates.noindex/PhotoTinder.build/Debug-iphonesimulator/PhotoTinder.build/PhotoTinder-DebugDylibPath-normal-arm64.txt

WriteAuxiliaryFile /Users/djoshea/Desktop/projects/photo-tinder/build/Build/Intermediates.noindex/PhotoTinder.build/Debug-iphonesimulator/PhotoTinder.build/PhotoTinder-DebugDylibPath-normal-x86_64.txt (in target 'PhotoTinder' from project 'PhotoTinder')
    cd /Users/djoshea/Desktop/projects/photo-tinder
    write-file /Users/djoshea/Desktop/projects/photo-tinder/build/Build/Intermediates.noindex/PhotoTinder.build/Debug-iphonesimulator/PhotoTinder.build/PhotoTinder-DebugDylibPath-normal-x86_64.txt

WriteAuxiliaryFile /Users/djoshea/Desktop/projects/photo-tinder/build/Build/Intermediates.noindex/PhotoTinder.build/Debug-iphonesimulator/PhotoTinder.build/Objects-normal/x86_64/PhotoTinder.SwiftFileList (in target 'PhotoTinder' from project 'PhotoTinder')
    cd /Users/djoshea/Desktop/projects/photo-tinder
    write-file /Users/djoshea/Desktop/projects/photo-tinder/build/Build/Intermediates.noindex/PhotoTinder.build/Debug-iphonesimulator/PhotoTinder.build/Objects-normal/x86_64/PhotoTinder.SwiftFileList

WriteAuxiliaryFile /Users/djoshea/Desktop/projects/photo-tinder/build/Build/Intermediates.noindex/PhotoTinder.build/Debug-iphonesimulator/PhotoTinder.build/Objects-normal/x86_64/PhotoTinder.SwiftConstValuesFileList (in target 'PhotoTinder' from project 'PhotoTinder')
    cd /Users/djoshea/Desktop/projects/photo-tinder
    write-file /Users/djoshea/Desktop/projects/photo-tinder/build/Build/Intermediates.noindex/PhotoTinder.build/Debug-iphonesimulator/PhotoTinder.build/Objects-normal/x86_64/PhotoTinder.SwiftConstValuesFileList

WriteAuxiliaryFile /Users/djoshea/Desktop/projects/photo-tinder/build/Build/Intermediates.noindex/PhotoTinder.build/Debug-iphonesimulator/PhotoTinder.build/Objects-normal/x86_64/PhotoTinder_const_extract_protocols.json (in target 'PhotoTinder' from project 'PhotoTinder')
    cd /Users/djoshea/Desktop/projects/photo-tinder
    write-file /Users/djoshea/Desktop/projects/photo-tinder/build/Build/Intermediates.noindex/PhotoTinder.build/Debug-iphonesimulator/PhotoTinder.build/Objects-normal/x86_64/PhotoTinder_const_extract_protocols.json

WriteAuxiliaryFile /Users/djoshea/Desktop/projects/photo-tinder/build/Build/Intermediates.noindex/PhotoTinder.build/Debug-iphonesimulator/PhotoTinder.build/Objects-normal/x86_64/PhotoTinder.LinkFileList (in target 'PhotoTinder' from project 'PhotoTinder')
    cd /Users/djoshea/Desktop/projects/photo-tinder
    write-file /Users/djoshea/Desktop/projects/photo-tinder/build/Build/Intermediates.noindex/PhotoTinder.build/Debug-iphonesimulator/PhotoTinder.build/Objects-normal/x86_64/PhotoTinder.LinkFileList

WriteAuxiliaryFile /Users/djoshea/Desktop/projects/photo-tinder/build/Build/Intermediates.noindex/PhotoTinder.build/Debug-iphonesimulator/PhotoTinder.build/Objects-normal/x86_64/PhotoTinder-OutputFileMap.json (in target 'PhotoTinder' from project 'PhotoTinder')
    cd /Users/djoshea/Desktop/projects/photo-tinder
    write-file /Users/djoshea/Desktop/projects/photo-tinder/build/Build/Intermediates.noindex/PhotoTinder.build/Debug-iphonesimulator/PhotoTinder.build/Objects-normal/x86_64/PhotoTinder-OutputFileMap.json

MkDir /Users/djoshea/Desktop/projects/photo-tinder/build/Build/Products/Debug-iphonesimulator/PhotoTinder.app (in target 'PhotoTinder' from project 'PhotoTinder')
    cd /Users/djoshea/Desktop/projects/photo-tinder
    /bin/mkdir -p /Users/djoshea/Desktop/projects/photo-tinder/build/Build/Products/Debug-iphonesimulator/PhotoTinder.app

WriteAuxiliaryFile /Users/djoshea/Desktop/projects/photo-tinder/build/Build/Intermediates.noindex/PhotoTinder.build/Debug-iphonesimulator/PhotoTinder.build/Objects-normal/arm64/PhotoTinder_const_extract_protocols.json (in target 'PhotoTinder' from project 'PhotoTinder')
    cd /Users/djoshea/Desktop/projects/photo-tinder
    write-file /Users/djoshea/Desktop/projects/photo-tinder/build/Build/Intermediates.noindex/PhotoTinder.build/Debug-iphonesimulator/PhotoTinder.build/Objects-normal/arm64/PhotoTinder_const_extract_protocols.json

WriteAuxiliaryFile /Users/djoshea/Desktop/projects/photo-tinder/build/Build/Intermediates.noindex/PhotoTinder.build/Debug-iphonesimulator/PhotoTinder.build/Objects-normal/arm64/PhotoTinder.SwiftConstValuesFileList (in target 'PhotoTinder' from project 'PhotoTinder')
    cd /Users/djoshea/Desktop/projects/photo-tinder
    write-file /Users/djoshea/Desktop/projects/photo-tinder/build/Build/Intermediates.noindex/PhotoTinder.build/Debug-iphonesimulator/PhotoTinder.build/Objects-normal/arm64/PhotoTinder.SwiftConstValuesFileList

WriteAuxiliaryFile /Users/djoshea/Desktop/projects/photo-tinder/build/Build/Intermediates.noindex/PhotoTinder.build/Debug-iphonesimulator/PhotoTinder.build/Objects-normal/arm64/PhotoTinder.LinkFileList (in target 'PhotoTinder' from project 'PhotoTinder')
    cd /Users/djoshea/Desktop/projects/photo-tinder
    write-file /Users/djoshea/Desktop/projects/photo-tinder/build/Build/Intermediates.noindex/PhotoTinder.build/Debug-iphonesimulator/PhotoTinder.build/Objects-normal/arm64/PhotoTinder.LinkFileList

WriteAuxiliaryFile /Users/djoshea/Desktop/projects/photo-tinder/build/Build/Intermediates.noindex/PhotoTinder.build/Debug-iphonesimulator/PhotoTinder.build/Objects-normal/arm64/PhotoTinder.SwiftFileList (in target 'PhotoTinder' from project 'PhotoTinder')
    cd /Users/djoshea/Desktop/projects/photo-tinder
    write-file /Users/djoshea/Desktop/projects/photo-tinder/build/Build/Intermediates.noindex/PhotoTinder.build/Debug-iphonesimulator/PhotoTinder.build/Objects-normal/arm64/PhotoTinder.SwiftFileList

WriteAuxiliaryFile /Users/djoshea/Desktop/projects/photo-tinder/build/Build/Intermediates.noindex/PhotoTinder.build/Debug-iphonesimulator/PhotoTinder.build/Objects-normal/arm64/PhotoTinder-OutputFileMap.json (in target 'PhotoTinder' from project 'PhotoTinder')
    cd /Users/djoshea/Desktop/projects/photo-tinder
    write-file /Users/djoshea/Desktop/projects/photo-tinder/build/Build/Intermediates.noindex/PhotoTinder.build/Debug-iphonesimulator/PhotoTinder.build/Objects-normal/arm64/PhotoTinder-OutputFileMap.json

MkDir /Users/djoshea/Desktop/projects/photo-tinder/build/Build/Intermediates.noindex/PhotoTinder.build/Debug-iphonesimulator/PhotoTinder.build/assetcatalog_output/thinned (in target 'PhotoTinder' from project 'PhotoTinder')
    cd /Users/djoshea/Desktop/projects/photo-tinder
    /bin/mkdir -p /Users/djoshea/Desktop/projects/photo-tinder/build/Build/Intermediates.noindex/PhotoTinder.build/Debug-iphonesimulator/PhotoTinder.build/assetcatalog_output/thinned

MkDir /Users/djoshea/Desktop/projects/photo-tinder/build/Build/Intermediates.noindex/PhotoTinder.build/Debug-iphonesimulator/PhotoTinder.build/assetcatalog_output/unthinned (in target 'PhotoTinder' from project 'PhotoTinder')
    cd /Users/djoshea/Desktop/projects/photo-tinder
    /bin/mkdir -p /Users/djoshea/Desktop/projects/photo-tinder/build/Build/Intermediates.noindex/PhotoTinder.build/Debug-iphonesimulator/PhotoTinder.build/assetcatalog_output/unthinned

Ld /Users/djoshea/Desktop/projects/photo-tinder/build/Build/Intermediates.noindex/PhotoTinder.build/Debug-iphonesimulator/PhotoTinder.build/Objects-normal/arm64/Binary/__preview.dylib normal arm64 (in target 'PhotoTinder' from project 'PhotoTinder')
    cd /Users/djoshea/Desktop/projects/photo-tinder
    /Applications/Xcode.app/Contents/Developer/Toolchains/XcodeDefault.xctoolchain/usr/bin/clang -Xlinker -reproducible -target arm64-apple-ios26.0-simulator -dynamiclib -isysroot /Applications/Xcode.app/Contents/Developer/Platforms/iPhoneSimulator.platform/Developer/SDKs/iPhoneSimulator26.5.sdk -Os -L/Users/djoshea/Desktop/projects/photo-tinder/build/Build/Products/Debug-iphonesimulator -F/Users/djoshea/Desktop/projects/photo-tinder/build/Build/Products/Debug-iphonesimulator -install_name @rpath/PhotoTinder.debug.dylib -Xlinker -dead_strip -rdynamic -Xlinker -objc_abi_version -Xlinker 2 -Xlinker -dependency_info -Xlinker /Users/djoshea/Desktop/projects/photo-tinder/build/Build/Intermediates.noindex/PhotoTinder.build/Debug-iphonesimulator/PhotoTinder.build/Objects-normal/arm64/PhotoTinder_dependency_info.dat -o /Users/djoshea/Desktop/projects/photo-tinder/build/Build/Intermediates.noindex/PhotoTinder.build/Debug-iphonesimulator/PhotoTinder.build/Objects-normal/arm64/Binary/__preview.dylib

Ld /Users/djoshea/Desktop/projects/photo-tinder/build/Build/Intermediates.noindex/PhotoTinder.build/Debug-iphonesimulator/PhotoTinder.build/Objects-normal/x86_64/Binary/__preview.dylib normal x86_64 (in target 'PhotoTinder' from project 'PhotoTinder')
    cd /Users/djoshea/Desktop/projects/photo-tinder
    /Applications/Xcode.app/Contents/Developer/Toolchains/XcodeDefault.xctoolchain/usr/bin/clang -Xlinker -reproducible -target x86_64-apple-ios26.0-simulator -dynamiclib -isysroot /Applications/Xcode.app/Contents/Developer/Platforms/iPhoneSimulator.platform/Developer/SDKs/iPhoneSimulator26.5.sdk -Os -L/Users/djoshea/Desktop/projects/photo-tinder/build/Build/Products/Debug-iphonesimulator -F/Users/djoshea/Desktop/projects/photo-tinder/build/Build/Products/Debug-iphonesimulator -install_name @rpath/PhotoTinder.debug.dylib -Xlinker -dead_strip -rdynamic -Xlinker -objc_abi_version -Xlinker 2 -Xlinker -dependency_info -Xlinker /Users/djoshea/Desktop/projects/photo-tinder/build/Build/Intermediates.noindex/PhotoTinder.build/Debug-iphonesimulator/PhotoTinder.build/Objects-normal/x86_64/PhotoTinder_dependency_info.dat -o /Users/djoshea/Desktop/projects/photo-tinder/build/Build/Intermediates.noindex/PhotoTinder.build/Debug-iphonesimulator/PhotoTinder.build/Objects-normal/x86_64/Binary/__preview.dylib

GenerateAssetSymbols /Users/djoshea/Desktop/projects/photo-tinder/PhotoTinder/Assets.xcassets (in target 'PhotoTinder' from project 'PhotoTinder')
    cd /Users/djoshea/Desktop/projects/photo-tinder
    /Applications/Xcode.app/Contents/Developer/usr/bin/actool /Users/djoshea/Desktop/projects/photo-tinder/PhotoTinder/Assets.xcassets --compile /Users/djoshea/Desktop/projects/photo-tinder/build/Build/Products/Debug-iphonesimulator/PhotoTinder.app --output-format human-readable-text --notices --warnings --export-dependency-info /Users/djoshea/Desktop/projects/photo-tinder/build/Build/Intermediates.noindex/PhotoTinder.build/Debug-iphonesimulator/PhotoTinder.build/assetcatalog_dependencies --output-partial-info-plist /Users/djoshea/Desktop/projects/photo-tinder/build/Build/Intermediates.noindex/PhotoTinder.build/Debug-iphonesimulator/PhotoTinder.build/assetcatalog_generated_info.plist --app-icon AppIcon --compress-pngs --enable-on-demand-resources YES --development-region en --target-device iphone --minimum-deployment-target 26.0 --platform iphonesimulator --bundle-identifier org.local.PhotoTinder --generate-swift-asset-symbol-extensions NO --generate-swift-asset-symbols /Users/djoshea/Desktop/projects/photo-tinder/build/Build/Intermediates.noindex/PhotoTinder.build/Debug-iphonesimulator/PhotoTinder.build/DerivedSources/GeneratedAssetSymbols.swift --generate-objc-asset-symbols /Users/djoshea/Desktop/projects/photo-tinder/build/Build/Intermediates.noindex/PhotoTinder.build/Debug-iphonesimulator/PhotoTinder.build/DerivedSources/GeneratedAssetSymbols.h --generate-asset-symbol-index /Users/djoshea/Desktop/projects/photo-tinder/build/Build/Intermediates.noindex/PhotoTinder.build/Debug-iphonesimulator/PhotoTinder.build/DerivedSources/GeneratedAssetSymbols-Index.plist
/* com.apple.actool.compilation-results */
/Users/djoshea/Desktop/projects/photo-tinder/build/Build/Intermediates.noindex/PhotoTinder.build/Debug-iphonesimulator/PhotoTinder.build/DerivedSources/GeneratedAssetSymbols-Index.plist
/Users/djoshea/Desktop/projects/photo-tinder/build/Build/Intermediates.noindex/PhotoTinder.build/Debug-iphonesimulator/PhotoTinder.build/DerivedSources/GeneratedAssetSymbols.h
/Users/djoshea/Desktop/projects/photo-tinder/build/Build/Intermediates.noindex/PhotoTinder.build/Debug-iphonesimulator/PhotoTinder.build/DerivedSources/GeneratedAssetSymbols.swift


CompileAssetCatalogVariant thinned /Users/djoshea/Desktop/projects/photo-tinder/build/Build/Products/Debug-iphonesimulator/PhotoTinder.app /Users/djoshea/Desktop/projects/photo-tinder/PhotoTinder/Assets.xcassets (in target 'PhotoTinder' from project 'PhotoTinder')
    cd /Users/djoshea/Desktop/projects/photo-tinder
    /Applications/Xcode.app/Contents/Developer/usr/bin/actool /Users/djoshea/Desktop/projects/photo-tinder/PhotoTinder/Assets.xcassets --compile /Users/djoshea/Desktop/projects/photo-tinder/build/Build/Intermediates.noindex/PhotoTinder.build/Debug-iphonesimulator/PhotoTinder.build/assetcatalog_output/thinned --output-format human-readable-text --notices --warnings --export-dependency-info /Users/djoshea/Desktop/projects/photo-tinder/build/Build/Intermediates.noindex/PhotoTinder.build/Debug-iphonesimulator/PhotoTinder.build/assetcatalog_dependencies_thinned --output-partial-info-plist /Users/djoshea/Desktop/projects/photo-tinder/build/Build/Intermediates.noindex/PhotoTinder.build/Debug-iphonesimulator/PhotoTinder.build/assetcatalog_generated_info.plist_thinned --app-icon AppIcon --compress-pngs --enable-on-demand-resources YES --filter-for-thinning-device-configuration iPhone18,1 --filter-for-device-os-version 26.5 --development-region en --target-device iphone --minimum-deployment-target 26.0 --platform iphonesimulator
/* com.apple.actool.compilation-results */
/Users/djoshea/Desktop/projects/photo-tinder/build/Build/Intermediates.noindex/PhotoTinder.build/Debug-iphonesimulator/PhotoTinder.build/assetcatalog_generated_info.plist_thinned
/Users/djoshea/Desktop/projects/photo-tinder/build/Build/Intermediates.noindex/PhotoTinder.build/Debug-iphonesimulator/PhotoTinder.build/assetcatalog_output/thinned/AppIcon60x60@2x.png
/Users/djoshea/Desktop/projects/photo-tinder/build/Build/Intermediates.noindex/PhotoTinder.build/Debug-iphonesimulator/PhotoTinder.build/assetcatalog_output/thinned/AppIcon76x76@2x~ipad.png
/Users/djoshea/Desktop/projects/photo-tinder/build/Build/Intermediates.noindex/PhotoTinder.build/Debug-iphonesimulator/PhotoTinder.build/assetcatalog_output/thinned/Assets.car


CreateUniversalBinary /Users/djoshea/Desktop/projects/photo-tinder/build/Build/Products/Debug-iphonesimulator/PhotoTinder.app/__preview.dylib normal arm64\ x86_64 (in target 'PhotoTinder' from project 'PhotoTinder')
    cd /Users/djoshea/Desktop/projects/photo-tinder
    /Applications/Xcode.app/Contents/Developer/Toolchains/XcodeDefault.xctoolchain/usr/bin/lipo -create /Users/djoshea/Desktop/projects/photo-tinder/build/Build/Intermediates.noindex/PhotoTinder.build/Debug-iphonesimulator/PhotoTinder.build/Objects-normal/arm64/Binary/__preview.dylib /Users/djoshea/Desktop/projects/photo-tinder/build/Build/Intermediates.noindex/PhotoTinder.build/Debug-iphonesimulator/PhotoTinder.build/Objects-normal/x86_64/Binary/__preview.dylib -output /Users/djoshea/Desktop/projects/photo-tinder/build/Build/Products/Debug-iphonesimulator/PhotoTinder.app/__preview.dylib

SwiftDriver PhotoTinder normal arm64 com.apple.xcode.tools.swift.compiler (in target 'PhotoTinder' from project 'PhotoTinder')
    cd /Users/djoshea/Desktop/projects/photo-tinder
    builtin-SwiftDriver -- /Applications/Xcode.app/Contents/Developer/Toolchains/XcodeDefault.xctoolchain/usr/bin/swiftc -module-name PhotoTinder -Onone @/Users/djoshea/Desktop/projects/photo-tinder/build/Build/Intermediates.noindex/PhotoTinder.build/Debug-iphonesimulator/PhotoTinder.build/Objects-normal/arm64/PhotoTinder.SwiftFileList -DDEBUG -enable-experimental-feature DebugDescriptionMacro -sdk /Applications/Xcode.app/Contents/Developer/Platforms/iPhoneSimulator.platform/Developer/SDKs/iPhoneSimulator26.5.sdk -target arm64-apple-ios26.0-simulator -g -module-cache-path /Users/djoshea/Desktop/projects/photo-tinder/build/ModuleCache.noindex -Xfrontend -serialize-debugging-options -enable-testing -index-store-path /Users/djoshea/Desktop/projects/photo-tinder/build/Index.noindex/DataStore -swift-version 6 -I /Users/djoshea/Desktop/projects/photo-tinder/build/Build/Products/Debug-iphonesimulator -F /Users/djoshea/Desktop/projects/photo-tinder/build/Build/Products/Debug-iphonesimulator -c -j18 -enable-batch-mode -incremental -Xcc -ivfsstatcache -Xcc /Users/djoshea/Desktop/projects/photo-tinder/build/SDKStatCaches.noindex/iphonesimulator26.5-23F81a-6cfe768891a92b912361537c460fe42b.sdkstatcache -output-file-map /Users/djoshea/Desktop/projects/photo-tinder/build/Build/Intermediates.noindex/PhotoTinder.build/Debug-iphonesimulator/PhotoTinder.build/Objects-normal/arm64/PhotoTinder-OutputFileMap.json -use-frontend-parseable-output -save-temps -no-color-diagnostics -explicit-module-build -module-cache-path /Users/djoshea/Desktop/projects/photo-tinder/build/Build/Intermediates.noindex/SwiftExplicitPrecompiledModules -clang-scanner-module-cache-path /Users/djoshea/Desktop/projects/photo-tinder/build/ModuleCache.noindex -sdk-module-cache-path /Users/djoshea/Desktop/projects/photo-tinder/build/ModuleCache.noindex -serialize-diagnostics -emit-dependencies -emit-module -emit-module-path /Users/djoshea/Desktop/projects/photo-tinder/build/Build/Intermediates.noindex/PhotoTinder.build/Debug-iphonesimulator/PhotoTinder.build/Objects-normal/arm64/PhotoTinder.swiftmodule -validate-clang-modules-once -clang-build-session-file /Users/djoshea/Desktop/projects/photo-tinder/build/ModuleCache.noindex/Session.modulevalidation -Xcc -I/Users/djoshea/Desktop/projects/photo-tinder/build/Build/Intermediates.noindex/PhotoTinder.build/Debug-iphonesimulator/PhotoTinder.build/swift-overrides.hmap -emit-const-values -Xfrontend -const-gather-protocols-file -Xfrontend /Users/djoshea/Desktop/projects/photo-tinder/build/Build/Intermediates.noindex/PhotoTinder.build/Debug-iphonesimulator/PhotoTinder.build/Objects-normal/arm64/PhotoTinder_const_extract_protocols.json -Xcc -iquote -Xcc /Users/djoshea/Desktop/projects/photo-tinder/build/Build/Intermediates.noindex/PhotoTinder.build/Debug-iphonesimulator/PhotoTinder.build/PhotoTinder-generated-files.hmap -Xcc -I/Users/djoshea/Desktop/projects/photo-tinder/build/Build/Intermediates.noindex/PhotoTinder.build/Debug-iphonesimulator/PhotoTinder.build/PhotoTinder-own-target-headers.hmap -Xcc -I/Users/djoshea/Desktop/projects/photo-tinder/build/Build/Intermediates.noindex/PhotoTinder.build/Debug-iphonesimulator/PhotoTinder.build/PhotoTinder-all-target-headers.hmap -Xcc -iquote -Xcc /Users/djoshea/Desktop/projects/photo-tinder/build/Build/Intermediates.noindex/PhotoTinder.build/Debug-iphonesimulator/PhotoTinder.build/PhotoTinder-project-headers.hmap -Xcc -I/Users/djoshea/Desktop/projects/photo-tinder/build/Build/Products/Debug-iphonesimulator/include -Xcc -I/Users/djoshea/Desktop/projects/photo-tinder/build/Build/Intermediates.noindex/PhotoTinder.build/Debug-iphonesimulator/PhotoTinder.build/DerivedSources-normal/arm64 -Xcc -I/Users/djoshea/Desktop/projects/photo-tinder/build/Build/Intermediates.noindex/PhotoTinder.build/Debug-iphonesimulator/PhotoTinder.build/DerivedSources/arm64 -Xcc -I/Users/djoshea/Desktop/projects/photo-tinder/build/Build/Intermediates.noindex/PhotoTinder.build/Debug-iphonesimulator/PhotoTinder.build/DerivedSources -emit-objc-header -emit-objc-header-path /Users/djoshea/Desktop/projects/photo-tinder/build/Build/Intermediates.noindex/PhotoTinder.build/Debug-iphonesimulator/PhotoTinder.build/Objects-normal/arm64/PhotoTinder-Swift.h -working-directory /Users/djoshea/Desktop/projects/photo-tinder -experimental-emit-module-separately -disable-cmo

SwiftDriver PhotoTinder normal x86_64 com.apple.xcode.tools.swift.compiler (in target 'PhotoTinder' from project 'PhotoTinder')
    cd /Users/djoshea/Desktop/projects/photo-tinder
    builtin-SwiftDriver -- /Applications/Xcode.app/Contents/Developer/Toolchains/XcodeDefault.xctoolchain/usr/bin/swiftc -module-name PhotoTinder -Onone @/Users/djoshea/Desktop/projects/photo-tinder/build/Build/Intermediates.noindex/PhotoTinder.build/Debug-iphonesimulator/PhotoTinder.build/Objects-normal/x86_64/PhotoTinder.SwiftFileList -DDEBUG -enable-experimental-feature DebugDescriptionMacro -sdk /Applications/Xcode.app/Contents/Developer/Platforms/iPhoneSimulator.platform/Developer/SDKs/iPhoneSimulator26.5.sdk -target x86_64-apple-ios26.0-simulator -g -module-cache-path /Users/djoshea/Desktop/projects/photo-tinder/build/ModuleCache.noindex -Xfrontend -serialize-debugging-options -enable-testing -index-store-path /Users/djoshea/Desktop/projects/photo-tinder/build/Index.noindex/DataStore -swift-version 6 -I /Users/djoshea/Desktop/projects/photo-tinder/build/Build/Products/Debug-iphonesimulator -F /Users/djoshea/Desktop/projects/photo-tinder/build/Build/Products/Debug-iphonesimulator -c -j18 -enable-batch-mode -incremental -Xcc -ivfsstatcache -Xcc /Users/djoshea/Desktop/projects/photo-tinder/build/SDKStatCaches.noindex/iphonesimulator26.5-23F81a-6cfe768891a92b912361537c460fe42b.sdkstatcache -output-file-map /Users/djoshea/Desktop/projects/photo-tinder/build/Build/Intermediates.noindex/PhotoTinder.build/Debug-iphonesimulator/PhotoTinder.build/Objects-normal/x86_64/PhotoTinder-OutputFileMap.json -use-frontend-parseable-output -save-temps -no-color-diagnostics -explicit-module-build -module-cache-path /Users/djoshea/Desktop/projects/photo-tinder/build/Build/Intermediates.noindex/SwiftExplicitPrecompiledModules -clang-scanner-module-cache-path /Users/djoshea/Desktop/projects/photo-tinder/build/ModuleCache.noindex -sdk-module-cache-path /Users/djoshea/Desktop/projects/photo-tinder/build/ModuleCache.noindex -serialize-diagnostics -emit-dependencies -emit-module -emit-module-path /Users/djoshea/Desktop/projects/photo-tinder/build/Build/Intermediates.noindex/PhotoTinder.build/Debug-iphonesimulator/PhotoTinder.build/Objects-normal/x86_64/PhotoTinder.swiftmodule -validate-clang-modules-once -clang-build-session-file /Users/djoshea/Desktop/projects/photo-tinder/build/ModuleCache.noindex/Session.modulevalidation -Xcc -I/Users/djoshea/Desktop/projects/photo-tinder/build/Build/Intermediates.noindex/PhotoTinder.build/Debug-iphonesimulator/PhotoTinder.build/swift-overrides.hmap -emit-const-values -Xfrontend -const-gather-protocols-file -Xfrontend /Users/djoshea/Desktop/projects/photo-tinder/build/Build/Intermediates.noindex/PhotoTinder.build/Debug-iphonesimulator/PhotoTinder.build/Objects-normal/x86_64/PhotoTinder_const_extract_protocols.json -Xcc -iquote -Xcc /Users/djoshea/Desktop/projects/photo-tinder/build/Build/Intermediates.noindex/PhotoTinder.build/Debug-iphonesimulator/PhotoTinder.build/PhotoTinder-generated-files.hmap -Xcc -I/Users/djoshea/Desktop/projects/photo-tinder/build/Build/Intermediates.noindex/PhotoTinder.build/Debug-iphonesimulator/PhotoTinder.build/PhotoTinder-own-target-headers.hmap -Xcc -I/Users/djoshea/Desktop/projects/photo-tinder/build/Build/Intermediates.noindex/PhotoTinder.build/Debug-iphonesimulator/PhotoTinder.build/PhotoTinder-all-target-headers.hmap -Xcc -iquote -Xcc /Users/djoshea/Desktop/projects/photo-tinder/build/Build/Intermediates.noindex/PhotoTinder.build/Debug-iphonesimulator/PhotoTinder.build/PhotoTinder-project-headers.hmap -Xcc -I/Users/djoshea/Desktop/projects/photo-tinder/build/Build/Products/Debug-iphonesimulator/include -Xcc -I/Users/djoshea/Desktop/projects/photo-tinder/build/Build/Intermediates.noindex/PhotoTinder.build/Debug-iphonesimulator/PhotoTinder.build/DerivedSources-normal/x86_64 -Xcc -I/Users/djoshea/Desktop/projects/photo-tinder/build/Build/Intermediates.noindex/PhotoTinder.build/Debug-iphonesimulator/PhotoTinder.build/DerivedSources/x86_64 -Xcc -I/Users/djoshea/Desktop/projects/photo-tinder/build/Build/Intermediates.noindex/PhotoTinder.build/Debug-iphonesimulator/PhotoTinder.build/DerivedSources -emit-objc-header -emit-objc-header-path /Users/djoshea/Desktop/projects/photo-tinder/build/Build/Intermediates.noindex/PhotoTinder.build/Debug-iphonesimulator/PhotoTinder.build/Objects-normal/x86_64/PhotoTinder-Swift.h -working-directory /Users/djoshea/Desktop/projects/photo-tinder -experimental-emit-module-separately -disable-cmo

SwiftExplicitDependencyGeneratePcm x86_64 /Users/djoshea/Desktop/projects/photo-tinder/build/ModuleCache.noindex/DeveloperToolsSupport-SY76A9BQK2HVG4TGAGPD6KPW.pcm

SwiftExplicitDependencyGeneratePcm x86_64 /Users/djoshea/Desktop/projects/photo-tinder/build/ModuleCache.noindex/SwiftShims-26LU4H3SO05POM6C7D906M59V.pcm

SwiftExplicitDependencyGeneratePcm x86_64 /Users/djoshea/Desktop/projects/photo-tinder/build/ModuleCache.noindex/_Builtin_stddef-BCH0Q0YGL4YKEZO3ECSQEK8P5.pcm

SwiftExplicitDependencyGeneratePcm x86_64 /Users/djoshea/Desktop/projects/photo-tinder/build/ModuleCache.noindex/_AvailabilityInternal-3WMOTSTRUOUJAL96YJ2TOCGT8.pcm

SwiftExplicitDependencyGeneratePcm x86_64 /Users/djoshea/Desktop/projects/photo-tinder/build/ModuleCache.noindex/_Builtin_stdarg-99ILPB4JY8HKQ8T7K4QOURLCG.pcm

SwiftExplicitDependencyGeneratePcm x86_64 /Users/djoshea/Desktop/projects/photo-tinder/build/ModuleCache.noindex/_Builtin_float-DM28SGDFKPC6EBR01UEFX5GSL.pcm

SwiftExplicitDependencyGeneratePcm x86_64 /Users/djoshea/Desktop/projects/photo-tinder/build/ModuleCache.noindex/_SwiftConcurrencyShims-4OFDDR5WV00LEKFB0FYOTPF37.pcm

SwiftExplicitDependencyGeneratePcm x86_64 /Users/djoshea/Desktop/projects/photo-tinder/build/ModuleCache.noindex/ptrcheck-FEDQ6KSCLX6NBXZQDYRCJ3JV.pcm

SwiftExplicitDependencyGeneratePcm x86_64 /Users/djoshea/Desktop/projects/photo-tinder/build/ModuleCache.noindex/_Builtin_stdbool-AS7B9D0EGG7RMKJBPN63U1E3D.pcm

SwiftExplicitDependencyGeneratePcm x86_64 /Users/djoshea/Desktop/projects/photo-tinder/build/ModuleCache.noindex/ptrauth-7Q6ZDMHU3KE3U08HPXJFBUPTU.pcm

SwiftExplicitDependencyGeneratePcm arm64 /Users/djoshea/Desktop/projects/photo-tinder/build/ModuleCache.noindex/ptrcheck-4V1DZH9NCRA4WZCX1K8N40ISK.pcm

SwiftExplicitDependencyGeneratePcm arm64 /Users/djoshea/Desktop/projects/photo-tinder/build/ModuleCache.noindex/_SwiftConcurrencyShims-1RF6I3UJX9QWQUBT36C15K2YI.pcm

SwiftExplicitDependencyGeneratePcm arm64 /Users/djoshea/Desktop/projects/photo-tinder/build/ModuleCache.noindex/_Builtin_stdbool-9A3MJDR4U1M4XFHRBNUYK036H.pcm

SwiftExplicitDependencyGeneratePcm arm64 /Users/djoshea/Desktop/projects/photo-tinder/build/ModuleCache.noindex/_Builtin_float-1URFB0GT5BRQE9K47B93DDVVM.pcm

SwiftExplicitDependencyGeneratePcm arm64 /Users/djoshea/Desktop/projects/photo-tinder/build/ModuleCache.noindex/DeveloperToolsSupport-6OQP7YOETJ4GR31HFRJO9W6LO.pcm

SwiftExplicitDependencyGeneratePcm arm64 /Users/djoshea/Desktop/projects/photo-tinder/build/ModuleCache.noindex/_Builtin_stdarg-8R0IKXPEPHQHKCP73V39AEUF5.pcm

SwiftExplicitDependencyGeneratePcm arm64 /Users/djoshea/Desktop/projects/photo-tinder/build/ModuleCache.noindex/SwiftShims-8HKSCX238Y7UPY8CTE00GRJC1.pcm

SwiftExplicitDependencyGeneratePcm arm64 /Users/djoshea/Desktop/projects/photo-tinder/build/ModuleCache.noindex/ptrauth-6U99WIY9CCCBZC4DTMZFNL9YF.pcm

SwiftExplicitDependencyGeneratePcm arm64 /Users/djoshea/Desktop/projects/photo-tinder/build/ModuleCache.noindex/_Builtin_stddef-4KU99IPQT1DUVWYLWE3SYUHTP.pcm

SwiftExplicitDependencyGeneratePcm arm64 /Users/djoshea/Desktop/projects/photo-tinder/build/ModuleCache.noindex/_AvailabilityInternal-DPGXRZ62DW98ZS71XMPP66090.pcm

SwiftExplicitDependencyGeneratePcm x86_64 /Users/djoshea/Desktop/projects/photo-tinder/build/ModuleCache.noindex/_DarwinFoundation1-EYR1G0LKQFAL38R7TJPE4JH76.pcm

SwiftExplicitDependencyGeneratePcm arm64 /Users/djoshea/Desktop/projects/photo-tinder/build/ModuleCache.noindex/_DarwinFoundation1-1VQ5583HSNO3BKDVJLW210ITL.pcm

SwiftExplicitDependencyGeneratePcm x86_64 /Users/djoshea/Desktop/projects/photo-tinder/build/ModuleCache.noindex/_Builtin_limits-3FLDI4MTTP3TIWNY3OOK5CNF3.pcm

SwiftExplicitDependencyGeneratePcm x86_64 /Users/djoshea/Desktop/projects/photo-tinder/build/ModuleCache.noindex/ExtensionFoundation-A4RU46OKOZBZN0EI01QWVAKB8.pcm

SwiftExplicitDependencyGeneratePcm x86_64 /Users/djoshea/Desktop/projects/photo-tinder/build/ModuleCache.noindex/_DarwinFoundation2-9CRR7P8WHEP6ZT2OZAWGAFZJF.pcm

SwiftExplicitDependencyGeneratePcm arm64 /Users/djoshea/Desktop/projects/photo-tinder/build/ModuleCache.noindex/_Builtin_limits-2OLS45H54M7OYMCEJMDRVB34C.pcm

SwiftExplicitDependencyGeneratePcm arm64 /Users/djoshea/Desktop/projects/photo-tinder/build/ModuleCache.noindex/_DarwinFoundation2-5LJZOJD3DM7G4WSQ8HT50C0WK.pcm

SwiftExplicitDependencyGeneratePcm arm64 /Users/djoshea/Desktop/projects/photo-tinder/build/ModuleCache.noindex/ExtensionFoundation-4KL6UCVQ14EYJLHRPWZHJE9GG.pcm

SwiftExplicitDependencyGeneratePcm x86_64 /Users/djoshea/Desktop/projects/photo-tinder/build/ModuleCache.noindex/sys_types-2OCNRNHSNFEKFMED1UBIXHSPM.pcm

SwiftExplicitDependencyGeneratePcm x86_64 /Users/djoshea/Desktop/projects/photo-tinder/build/ModuleCache.noindex/_Builtin_tgmath-39VQ0P1AD6QDZT69A2MT5I8AH.pcm

SwiftExplicitDependencyGeneratePcm x86_64 /Users/djoshea/Desktop/projects/photo-tinder/build/ModuleCache.noindex/_Builtin_stdint-7ROHJV7G1YX31IV4R7RHL18RD.pcm

SwiftExplicitDependencyGeneratePcm x86_64 /Users/djoshea/Desktop/projects/photo-tinder/build/ModuleCache.noindex/_DarwinFoundation3-3EG3AXGXL2NA937N30SHQ6561.pcm

SwiftExplicitDependencyGeneratePcm x86_64 /Users/djoshea/Desktop/projects/photo-tinder/build/ModuleCache.noindex/_Builtin_stdatomic-10TE6Y1TPCQFYZUCFQRCGZ46T.pcm

SwiftExplicitDependencyGeneratePcm arm64 /Users/djoshea/Desktop/projects/photo-tinder/build/ModuleCache.noindex/_Builtin_stdint-4S9WDCON0WLGGZCRB7A9FSEYB.pcm

SwiftExplicitDependencyGeneratePcm arm64 /Users/djoshea/Desktop/projects/photo-tinder/build/ModuleCache.noindex/_Builtin_tgmath-ZTY4J31NR6773XKN17ILGYVO.pcm

SwiftExplicitDependencyGeneratePcm arm64 /Users/djoshea/Desktop/projects/photo-tinder/build/ModuleCache.noindex/sys_types-8MK72PKB8KM2NZ0MHVJ7FOBMY.pcm

SwiftExplicitDependencyGeneratePcm arm64 /Users/djoshea/Desktop/projects/photo-tinder/build/ModuleCache.noindex/_Builtin_stdatomic-B9X2DKSVVDUV8AVTE3N9TJX0U.pcm

SwiftExplicitDependencyGeneratePcm arm64 /Users/djoshea/Desktop/projects/photo-tinder/build/ModuleCache.noindex/_DarwinFoundation3-2P247SXN15P1WSRPTH4OIYXWJ.pcm

SwiftExplicitDependencyGeneratePcm arm64 /Users/djoshea/Desktop/projects/photo-tinder/build/ModuleCache.noindex/_Builtin_intrinsics-6F6VO1QC5VNBS3RJKG9PE6WOD.pcm

SwiftExplicitDependencyGeneratePcm x86_64 /Users/djoshea/Desktop/projects/photo-tinder/build/ModuleCache.noindex/_Builtin_inttypes-7DOCMEUW26Z01KGF98AG9J6ZK.pcm

SwiftExplicitDependencyGeneratePcm x86_64 /Users/djoshea/Desktop/projects/photo-tinder/build/ModuleCache.noindex/_Builtin_intrinsics-2I3MHEYBBTSEHXJIOYM3B099G.pcm

SwiftExplicitDependencyGeneratePcm x86_64 /Users/djoshea/Desktop/projects/photo-tinder/build/ModuleCache.noindex/Darwin-1UD6GUERPM0R35VHOK9OR280P.pcm

SwiftExplicitDependencyGeneratePcm arm64 /Users/djoshea/Desktop/projects/photo-tinder/build/ModuleCache.noindex/_Builtin_inttypes-CR538WDGGMRJL88MQ0KICUYZN.pcm

SwiftExplicitDependencyGeneratePcm arm64 /Users/djoshea/Desktop/projects/photo-tinder/build/ModuleCache.noindex/Darwin-C58UCW9TT8GLLM5RA4PCGMB2U.pcm

SwiftExplicitDependencyGeneratePcm arm64 /Users/djoshea/Desktop/projects/photo-tinder/build/ModuleCache.noindex/simd-BNQG8M6YO8BN04LY1PN6PDV75.pcm

SwiftExplicitDependencyGeneratePcm x86_64 /Users/djoshea/Desktop/projects/photo-tinder/build/ModuleCache.noindex/ObjectiveC-F412FL7N262Z16MJDPXB2A333.pcm

SwiftExplicitDependencyGeneratePcm x86_64 /Users/djoshea/Desktop/projects/photo-tinder/build/ModuleCache.noindex/MachO-EK7Z5J32KNHBXW9UN2YXXTZRF.pcm

SwiftExplicitDependencyGeneratePcm x86_64 /Users/djoshea/Desktop/projects/photo-tinder/build/ModuleCache.noindex/simd-2P3MQ2WO09T1VN5FEX3EJNNBF.pcm

SwiftExplicitDependencyGeneratePcm x86_64 /Users/djoshea/Desktop/projects/photo-tinder/build/ModuleCache.noindex/os_object-PDL2N6TV0YMKDJ3YPMX52KVY.pcm

SwiftExplicitDependencyGeneratePcm arm64 /Users/djoshea/Desktop/projects/photo-tinder/build/ModuleCache.noindex/MachO-8R9ARNGPDNEML8VPEX1EBTPV1.pcm

SwiftExplicitDependencyGeneratePcm arm64 /Users/djoshea/Desktop/projects/photo-tinder/build/ModuleCache.noindex/ObjectiveC-1TIGBT9GBD9XI6QZ3R720FQPD.pcm

SwiftExplicitDependencyGeneratePcm x86_64 /Users/djoshea/Desktop/projects/photo-tinder/build/ModuleCache.noindex/os_workgroup-AFGCUBF4MF4FRPUT3PAKIOEM2.pcm

SwiftExplicitDependencyGeneratePcm arm64 /Users/djoshea/Desktop/projects/photo-tinder/build/ModuleCache.noindex/os_object-28XSM226R6OWX7PY7OTKK6C94.pcm

SwiftExplicitDependencyGeneratePcm x86_64 /Users/djoshea/Desktop/projects/photo-tinder/build/ModuleCache.noindex/Dispatch-CGNFC9N5EHEB5RJISUBT3O60L.pcm

SwiftExplicitDependencyGeneratePcm arm64 /Users/djoshea/Desktop/projects/photo-tinder/build/ModuleCache.noindex/os_workgroup-CZ8DDHIWE6GK5378QPBIL4TJK.pcm

SwiftExplicitDependencyGeneratePcm arm64 /Users/djoshea/Desktop/projects/photo-tinder/build/ModuleCache.noindex/Spatial-U063M67YMBRJE64XIFJBPS6Q.pcm

SwiftExplicitDependencyGeneratePcm x86_64 /Users/djoshea/Desktop/projects/photo-tinder/build/ModuleCache.noindex/dnssd-89JVRMPCOFL24HF2Z62NBZCQL.pcm

SwiftExplicitDependencyGeneratePcm x86_64 /Users/djoshea/Desktop/projects/photo-tinder/build/ModuleCache.noindex/CoreFoundation-673NEAZKHS4A5YZJMCZ2FF36U.pcm

SwiftExplicitDependencyGeneratePcm x86_64 /Users/djoshea/Desktop/projects/photo-tinder/build/ModuleCache.noindex/XPC-LODVENG52Y7SND2PFQTHDITC.pcm

SwiftExplicitDependencyGeneratePcm arm64 /Users/djoshea/Desktop/projects/photo-tinder/build/ModuleCache.noindex/Dispatch-BMUJUDTTCS2LD4EGLYP3NY7KO.pcm

SwiftExplicitDependencyGeneratePcm x86_64 /Users/djoshea/Desktop/projects/photo-tinder/build/ModuleCache.noindex/os-C4912DFQ20XYAGEH0965CYGT8.pcm

SwiftExplicitDependencyGeneratePcm arm64 /Users/djoshea/Desktop/projects/photo-tinder/build/ModuleCache.noindex/CoreFoundation-2CETA7ZG2M04EYBU0MMMD55J.pcm

SwiftExplicitDependencyGeneratePcm arm64 /Users/djoshea/Desktop/projects/photo-tinder/build/ModuleCache.noindex/XPC-E1YDT16UX9VSJJVUZ3S85FM01.pcm

SwiftExplicitDependencyGeneratePcm arm64 /Users/djoshea/Desktop/projects/photo-tinder/build/ModuleCache.noindex/dnssd-EDEC25JEML82CD8SJVGBGOSY2.pcm

SwiftExplicitDependencyGeneratePcm x86_64 /Users/djoshea/Desktop/projects/photo-tinder/build/ModuleCache.noindex/Spatial-LRYVMKEQ0QT7OU9B5MLLU26U.pcm

SwiftExplicitDependencyGeneratePcm x86_64 /Users/djoshea/Desktop/projects/photo-tinder/build/ModuleCache.noindex/Security-BBIEFL8GYCDT30JID29BWAPS5.pcm

SwiftExplicitDependencyGeneratePcm x86_64 /Users/djoshea/Desktop/projects/photo-tinder/build/ModuleCache.noindex/CoreGraphics-CTN682L8LALX4XS9480FSCQZA.pcm

SwiftExplicitDependencyGeneratePcm x86_64 /Users/djoshea/Desktop/projects/photo-tinder/build/ModuleCache.noindex/CFNetwork-6WNJ1FLKT99IL7DQJVCIBX835.pcm

SwiftExplicitDependencyGeneratePcm x86_64 /Users/djoshea/Desktop/projects/photo-tinder/build/ModuleCache.noindex/CoreAudioTypes-BZRZ8QRP88NKS7A1XQRXCUATI.pcm

SwiftExplicitDependencyGeneratePcm arm64 /Users/djoshea/Desktop/projects/photo-tinder/build/ModuleCache.noindex/os-A3JQBC93DJZ0ST3VVGZU0YS65.pcm

SwiftExplicitDependencyGeneratePcm x86_64 /Users/djoshea/Desktop/projects/photo-tinder/build/ModuleCache.noindex/CoreAudio-15N7TJUF3WXIX6GK6PE47FGY7.pcm

SwiftExplicitDependencyGeneratePcm arm64 /Users/djoshea/Desktop/projects/photo-tinder/build/ModuleCache.noindex/CFNetwork-EPHHYBPL42QHA5C6NYENDHF7P.pcm

SwiftExplicitDependencyGeneratePcm arm64 /Users/djoshea/Desktop/projects/photo-tinder/build/ModuleCache.noindex/Security-2WVXL7N5FL72GITYAB7SW9903.pcm

SwiftExplicitDependencyGeneratePcm arm64 /Users/djoshea/Desktop/projects/photo-tinder/build/ModuleCache.noindex/CoreGraphics-D45R6SEYMRT0H7WVJJK2ZV8N.pcm

SwiftExplicitDependencyGeneratePcm arm64 /Users/djoshea/Desktop/projects/photo-tinder/build/ModuleCache.noindex/CoreAudioTypes-4RML8D7DB9ONVNZ1GMJCNCND1.pcm

SwiftExplicitDependencyGeneratePcm x86_64 /Users/djoshea/Desktop/projects/photo-tinder/build/ModuleCache.noindex/Foundation-927GDWVHA7W45IZA05ERDDRB5.pcm

SwiftExplicitDependencyGeneratePcm x86_64 /Users/djoshea/Desktop/projects/photo-tinder/build/ModuleCache.noindex/ImageIO-ABLGKC9U6EOZZMBLEA204ODSC.pcm

SwiftExplicitDependencyGeneratePcm x86_64 /Users/djoshea/Desktop/projects/photo-tinder/build/ModuleCache.noindex/CoreText-DYS8MS9BL0V57G7YX6G62V0M3.pcm

SwiftExplicitDependencyGeneratePcm arm64 /Users/djoshea/Desktop/projects/photo-tinder/build/ModuleCache.noindex/CoreAudio-1GHUEP0NO4792YAQWUEIHD40V.pcm

SwiftExplicitDependencyGeneratePcm arm64 /Users/djoshea/Desktop/projects/photo-tinder/build/ModuleCache.noindex/Foundation-QTZOH99YYPCR2O6HVB6NNFK9.pcm

SwiftExplicitDependencyGeneratePcm arm64 /Users/djoshea/Desktop/projects/photo-tinder/build/ModuleCache.noindex/ImageIO-343041S3D278S6IENXJKV89MX.pcm

SwiftExplicitDependencyGeneratePcm arm64 /Users/djoshea/Desktop/projects/photo-tinder/build/ModuleCache.noindex/CoreText-8S3YQ4UUSQOUOT3A14VEN7H6F.pcm

SwiftExplicitDependencyGeneratePcm x86_64 /Users/djoshea/Desktop/projects/photo-tinder/build/ModuleCache.noindex/UserNotifications-4348EMGOALUB18NUK6FDM196T.pcm

SwiftExplicitDependencyGeneratePcm x86_64 /Users/djoshea/Desktop/projects/photo-tinder/build/ModuleCache.noindex/Accessibility-E4XHL1QAIW8XAU3F0OPHBYW0T.pcm

SwiftExplicitDependencyGeneratePcm x86_64 /Users/djoshea/Desktop/projects/photo-tinder/build/ModuleCache.noindex/_LocationEssentials-94Q6Y9YZTEYAKSC2S9ZPS7XCE.pcm

SwiftExplicitDependencyGeneratePcm x86_64 /Users/djoshea/Desktop/projects/photo-tinder/build/ModuleCache.noindex/CoreMIDI-9UGVK1TGZVTUQPSYGH0E5X1G9.pcm

SwiftExplicitDependencyGeneratePcm x86_64 /Users/djoshea/Desktop/projects/photo-tinder/build/ModuleCache.noindex/UniformTypeIdentifiers-AQK7DZN8GCZE0VC0Q3C8WNPPA.pcm

SwiftExplicitDependencyGeneratePcm x86_64 /Users/djoshea/Desktop/projects/photo-tinder/build/ModuleCache.noindex/UIUtilities-CHGKEBTCS6O84X6J31C7G2Q4B.pcm

SwiftExplicitDependencyGeneratePcm x86_64 /Users/djoshea/Desktop/projects/photo-tinder/build/ModuleCache.noindex/IOSurface-4MJCLITV0UK0LULK49UYQ75RY.pcm

SwiftExplicitDependencyGeneratePcm x86_64 /Users/djoshea/Desktop/projects/photo-tinder/build/ModuleCache.noindex/CoreTransferable-AKKP59D53KYSZJXUH9Q3Z7BWK.pcm

SwiftExplicitDependencyGeneratePcm x86_64 /Users/djoshea/Desktop/projects/photo-tinder/build/ModuleCache.noindex/DataDetection-6ZZ4AAZMG8VSMF0AILT45E372.pcm

SwiftExplicitDependencyGeneratePcm x86_64 /Users/djoshea/Desktop/projects/photo-tinder/build/ModuleCache.noindex/Symbols-AGBK5CZKE0XVY1ZEK0PZ2UPY7.pcm

SwiftExplicitDependencyGeneratePcm x86_64 /Users/djoshea/Desktop/projects/photo-tinder/build/ModuleCache.noindex/CoreData-BC2Y02VBO0B9X1PIBCSEJ43U5.pcm

SwiftExplicitDependencyGeneratePcm x86_64 /Users/djoshea/Desktop/projects/photo-tinder/build/ModuleCache.noindex/Network-5VF91AGBPUMMTBQN90TPDA2Z1.pcm

SwiftExplicitDependencyGeneratePcm x86_64 /Users/djoshea/Desktop/projects/photo-tinder/build/ModuleCache.noindex/OSLog-80Q1AEO9KUY3FKSOWGOFJRDMC.pcm

SwiftExplicitDependencyGeneratePcm x86_64 /Users/djoshea/Desktop/projects/photo-tinder/build/ModuleCache.noindex/FileProvider-4CY7ESML417ICMDG115Z0Q745.pcm

SwiftExplicitDependencyGeneratePcm x86_64 /Users/djoshea/Desktop/projects/photo-tinder/build/ModuleCache.noindex/OpenGLES-Y8UYT618B2ELD16TXGRCAP5R.pcm

SwiftExplicitDependencyGeneratePcm x86_64 /Users/djoshea/Desktop/projects/photo-tinder/build/ModuleCache.noindex/CoreLocation-401C1C1OB8BI0GC5WU7AO6WVS.pcm

SwiftExplicitDependencyGeneratePcm x86_64 /Users/djoshea/Desktop/projects/photo-tinder/build/ModuleCache.noindex/Metal-1BMGLE6VQ0JI9G2W0VGFUUXIA.pcm

SwiftExplicitDependencyGeneratePcm x86_64 /Users/djoshea/Desktop/projects/photo-tinder/build/ModuleCache.noindex/MediaAccessibility-ECJ6HGMVMGXLFU4IV1944U19A.pcm

SwiftExplicitDependencyGeneratePcm arm64 /Users/djoshea/Desktop/projects/photo-tinder/build/ModuleCache.noindex/CoreMIDI-13IX9KHCFKHK8YH9N7WYN3TTA.pcm

SwiftExplicitDependencyGeneratePcm arm64 /Users/djoshea/Desktop/projects/photo-tinder/build/ModuleCache.noindex/CoreTransferable-E0HF3E116TJK553QEBFBOVOMR.pcm

SwiftExplicitDependencyGeneratePcm arm64 /Users/djoshea/Desktop/projects/photo-tinder/build/ModuleCache.noindex/Symbols-1RE53CQWC5ZJ0WV96VJGVVL1Y.pcm

SwiftExplicitDependencyGeneratePcm arm64 /Users/djoshea/Desktop/projects/photo-tinder/build/ModuleCache.noindex/IOSurface-DD3JM7OELZ9RR5I9FPNKD3A0Y.pcm

SwiftExplicitDependencyGeneratePcm arm64 /Users/djoshea/Desktop/projects/photo-tinder/build/ModuleCache.noindex/Network-BJWIUGLADAIA43UE80O1QV5O8.pcm

SwiftExplicitDependencyGeneratePcm arm64 /Users/djoshea/Desktop/projects/photo-tinder/build/ModuleCache.noindex/OpenGLES-C1WH80UWYSQBWXNBREDQ6ZZVD.pcm

SwiftExplicitDependencyGeneratePcm arm64 /Users/djoshea/Desktop/projects/photo-tinder/build/ModuleCache.noindex/UniformTypeIdentifiers-BZ2U69Y9OAOGZ5WSG9LBRL8GC.pcm

SwiftExplicitDependencyGeneratePcm arm64 /Users/djoshea/Desktop/projects/photo-tinder/build/ModuleCache.noindex/Accessibility-54KXX8P0XHHI3TLPWM1FYU8ZS.pcm

SwiftExplicitDependencyGeneratePcm arm64 /Users/djoshea/Desktop/projects/photo-tinder/build/ModuleCache.noindex/FileProvider-3IM2JUU0TD1IWZBIIEC38XB4U.pcm

SwiftExplicitDependencyGeneratePcm arm64 /Users/djoshea/Desktop/projects/photo-tinder/build/ModuleCache.noindex/UIUtilities-B6CPIWCC8UTJLPDYPYDUD0PSW.pcm

SwiftExplicitDependencyGeneratePcm arm64 /Users/djoshea/Desktop/projects/photo-tinder/build/ModuleCache.noindex/_LocationEssentials-ADL1CTHIR5D1NYAM21355E63F.pcm

SwiftExplicitDependencyGeneratePcm arm64 /Users/djoshea/Desktop/projects/photo-tinder/build/ModuleCache.noindex/CoreData-7TIBZNV2FLXNJDPOPPSRUBN9E.pcm

SwiftExplicitDependencyGeneratePcm arm64 /Users/djoshea/Desktop/projects/photo-tinder/build/ModuleCache.noindex/DataDetection-5OZCPBAVDC0F72MK64IVTA2VB.pcm

SwiftExplicitDependencyGeneratePcm x86_64 /Users/djoshea/Desktop/projects/photo-tinder/build/ModuleCache.noindex/AudioToolbox-38BUVS7IW5HNA67I462VWPAD1.pcm

SwiftExplicitDependencyGeneratePcm arm64 /Users/djoshea/Desktop/projects/photo-tinder/build/ModuleCache.noindex/UserNotifications-EJXYG2PLWBBHFC10VVQT59WAR.pcm

SwiftExplicitDependencyGeneratePcm arm64 /Users/djoshea/Desktop/projects/photo-tinder/build/ModuleCache.noindex/OSLog-5N632QGR2CY94C7DVZFKSEU5G.pcm

SwiftExplicitDependencyGeneratePcm x86_64 /Users/djoshea/Desktop/projects/photo-tinder/build/ModuleCache.noindex/AVRouting-EPYN91KZQYCJXBKEO3VEZN0S4.pcm

SwiftExplicitDependencyGeneratePcm arm64 /Users/djoshea/Desktop/projects/photo-tinder/build/ModuleCache.noindex/CoreLocation-D9CY7H2X3GB2QASVYW6VZPL13.pcm

SwiftExplicitDependencyGeneratePcm arm64 /Users/djoshea/Desktop/projects/photo-tinder/build/ModuleCache.noindex/Metal-BINGL2GY5SURXQFITSABTA5A6.pcm

SwiftExplicitDependencyGeneratePcm arm64 /Users/djoshea/Desktop/projects/photo-tinder/build/ModuleCache.noindex/MediaAccessibility-1SF67H87FHYMTT0S9OGAU2ZVQ.pcm

SwiftExplicitDependencyGeneratePcm arm64 /Users/djoshea/Desktop/projects/photo-tinder/build/ModuleCache.noindex/AVRouting-2IR2WWTAV59FWHW0Y5F04TRLL.pcm

SwiftExplicitDependencyGeneratePcm arm64 /Users/djoshea/Desktop/projects/photo-tinder/build/ModuleCache.noindex/AudioToolbox-EL8ZH7Q6HDD559S62Q836TJTH.pcm

SwiftExplicitDependencyGeneratePcm x86_64 /Users/djoshea/Desktop/projects/photo-tinder/build/ModuleCache.noindex/CoreVideo-98EQ2UQNL2JP00IE4VDUO9J86.pcm

SwiftExplicitDependencyGeneratePcm x86_64 /Users/djoshea/Desktop/projects/photo-tinder/build/ModuleCache.noindex/QuartzCore-6CVSQ8QK3WG3880M8Z7HVP0RQ.pcm

SwiftExplicitDependencyGeneratePcm x86_64 /Users/djoshea/Desktop/projects/photo-tinder/build/ModuleCache.noindex/CoreMedia-4MWJXNZYI109QDDXEUBZYONX2.pcm

SwiftExplicitDependencyGeneratePcm x86_64 /Users/djoshea/Desktop/projects/photo-tinder/build/ModuleCache.noindex/CoreImage-AVB06NI6S9RDEBDCDZXZSD9AL.pcm

SwiftExplicitDependencyGeneratePcm arm64 /Users/djoshea/Desktop/projects/photo-tinder/build/ModuleCache.noindex/CoreVideo-6GSFPUFZA0RDK5545427QMLM5.pcm

SwiftExplicitDependencyGeneratePcm x86_64 /Users/djoshea/Desktop/projects/photo-tinder/build/ModuleCache.noindex/SwiftUICore-1H03JFSA6ZSUX0BBHA7GECJRR.pcm

SwiftExplicitDependencyGeneratePcm arm64 /Users/djoshea/Desktop/projects/photo-tinder/build/ModuleCache.noindex/CoreImage-CLK3KCRR4Y5U4Y9N8KI9W96V5.pcm

SwiftExplicitDependencyGeneratePcm arm64 /Users/djoshea/Desktop/projects/photo-tinder/build/ModuleCache.noindex/CoreMedia-B932BEJK7YAV3QJ82XY8E5MMU.pcm

SwiftExplicitDependencyGeneratePcm arm64 /Users/djoshea/Desktop/projects/photo-tinder/build/ModuleCache.noindex/QuartzCore-98QZR32I5G15FSQUXAQNYG354.pcm

SwiftExplicitDependencyGeneratePcm x86_64 /Users/djoshea/Desktop/projects/photo-tinder/build/ModuleCache.noindex/MediaToolbox-BUEK1DPG0C41A1JCGUQKLG9Y6.pcm

SwiftExplicitDependencyGeneratePcm x86_64 /Users/djoshea/Desktop/projects/photo-tinder/build/ModuleCache.noindex/AVFAudio-ENFTH37XIU68Q24UJ4BMLZKFK.pcm

SwiftExplicitDependencyGeneratePcm x86_64 /Users/djoshea/Desktop/projects/photo-tinder/build/ModuleCache.noindex/UIKit-63T04712DJJZNRL7RDYAHMEBN.pcm

SwiftExplicitDependencyGeneratePcm arm64 /Users/djoshea/Desktop/projects/photo-tinder/build/ModuleCache.noindex/SwiftUICore-4C1Z8UGTRSM7NZXF2YH6FQCIM.pcm

SwiftExplicitDependencyGeneratePcm arm64 /Users/djoshea/Desktop/projects/photo-tinder/build/ModuleCache.noindex/MediaToolbox-L2ZZT5EVVGS9UAMAH3DQ3KSB.pcm

SwiftExplicitDependencyGeneratePcm arm64 /Users/djoshea/Desktop/projects/photo-tinder/build/ModuleCache.noindex/AVFAudio-E7C4ZE1R1HGSKVAHZAZX9YWNP.pcm

SwiftExplicitDependencyGeneratePcm arm64 /Users/djoshea/Desktop/projects/photo-tinder/build/ModuleCache.noindex/UIKit-9Z708HBHNHFLI9Q9QL3QODFHW.pcm

SwiftExplicitDependencyGeneratePcm x86_64 /Users/djoshea/Desktop/projects/photo-tinder/build/ModuleCache.noindex/AVFoundation-4DKXNLIZBOWC8UM14D27JOBF4.pcm

SwiftExplicitDependencyGeneratePcm arm64 /Users/djoshea/Desktop/projects/photo-tinder/build/ModuleCache.noindex/AVFoundation-91S6EL443SHNPEKGWDUYSAOQ1.pcm

SwiftExplicitDependencyGeneratePcm x86_64 /Users/djoshea/Desktop/projects/photo-tinder/build/ModuleCache.noindex/Photos-ACQP1KL5PERQR0PESA2AOBX9R.pcm

SwiftExplicitDependencyGeneratePcm arm64 /Users/djoshea/Desktop/projects/photo-tinder/build/ModuleCache.noindex/Photos-6DJ754MJ0TQHRIH16OSNLECDJ.pcm

SwiftExplicitDependencyGeneratePcm x86_64 /Users/djoshea/Desktop/projects/photo-tinder/build/ModuleCache.noindex/PhotosUI-D86KKF8KVKH51ZZAEU285K1KW.pcm

SwiftExplicitDependencyGeneratePcm x86_64 /Users/djoshea/Desktop/projects/photo-tinder/build/ModuleCache.noindex/SwiftUI-6ANJR6TQGUIDZ7U3RAGIQ08PX.pcm

SwiftExplicitDependencyGeneratePcm x86_64 /Users/djoshea/Desktop/projects/photo-tinder/build/ModuleCache.noindex/AVKit-3AYLVLSL77MX8KJHLRKERNTUL.pcm

SwiftExplicitDependencyGeneratePcm arm64 /Users/djoshea/Desktop/projects/photo-tinder/build/ModuleCache.noindex/SwiftUI-AN5A9I2JGK89FG1E8BXRZ2V2L.pcm

SwiftExplicitDependencyGeneratePcm arm64 /Users/djoshea/Desktop/projects/photo-tinder/build/ModuleCache.noindex/PhotosUI-4IJFA54CS362N7MJ3CCE1XSIW.pcm

SwiftExplicitDependencyGeneratePcm arm64 /Users/djoshea/Desktop/projects/photo-tinder/build/ModuleCache.noindex/AVKit-87ER7HO1ZPHEKSAUBM1W5JFWR.pcm

SwiftCompile normal x86_64 Compiling\ GeneratedAssetSymbols.swift /Users/djoshea/Desktop/projects/photo-tinder/build/Build/Intermediates.noindex/PhotoTinder.build/Debug-iphonesimulator/PhotoTinder.build/DerivedSources/GeneratedAssetSymbols.swift (in target 'PhotoTinder' from project 'PhotoTinder')

SwiftCompile normal x86_64 /Users/djoshea/Desktop/projects/photo-tinder/build/Build/Intermediates.noindex/PhotoTinder.build/Debug-iphonesimulator/PhotoTinder.build/DerivedSources/GeneratedAssetSymbols.swift (in target 'PhotoTinder' from project 'PhotoTinder')
    cd /Users/djoshea/Desktop/projects/photo-tinder
    

SwiftEmitModule normal x86_64 Emitting\ module\ for\ PhotoTinder (in target 'PhotoTinder' from project 'PhotoTinder')

EmitSwiftModule normal x86_64 (in target 'PhotoTinder' from project 'PhotoTinder')
    cd /Users/djoshea/Desktop/projects/photo-tinder
    

SwiftCompile normal x86_64 Compiling\ SettingsView.swift /Users/djoshea/Desktop/projects/photo-tinder/PhotoTinder/Views/SettingsView.swift (in target 'PhotoTinder' from project 'PhotoTinder')
SwiftCompile normal x86_64 /Users/djoshea/Desktop/projects/photo-tinder/PhotoTinder/Views/SettingsView.swift (in target 'PhotoTinder' from project 'PhotoTinder')
    cd /Users/djoshea/Desktop/projects/photo-tinder
    

SwiftCompile normal x86_64 Compiling\ SwipeView.swift /Users/djoshea/Desktop/projects/photo-tinder/PhotoTinder/Views/SwipeView.swift (in target 'PhotoTinder' from project 'PhotoTinder')
SwiftCompile normal x86_64 /Users/djoshea/Desktop/projects/photo-tinder/PhotoTinder/Views/SwipeView.swift (in target 'PhotoTinder' from project 'PhotoTinder')
    cd /Users/djoshea/Desktop/projects/photo-tinder
    

SwiftCompile normal x86_64 Compiling\ MediaLoader.swift /Users/djoshea/Desktop/projects/photo-tinder/PhotoTinder/Library/MediaLoader.swift (in target 'PhotoTinder' from project 'PhotoTinder')

SwiftCompile normal x86_64 /Users/djoshea/Desktop/projects/photo-tinder/PhotoTinder/Library/MediaLoader.swift (in target 'PhotoTinder' from project 'PhotoTinder')
    cd /Users/djoshea/Desktop/projects/photo-tinder
    

SwiftCompile normal x86_64 Compiling\ ReviewView.swift /Users/djoshea/Desktop/projects/photo-tinder/PhotoTinder/Views/ReviewView.swift (in target 'PhotoTinder' from project 'PhotoTinder')
SwiftCompile normal x86_64 /Users/djoshea/Desktop/projects/photo-tinder/PhotoTinder/Views/ReviewView.swift (in target 'PhotoTinder' from project 'PhotoTinder')
    cd /Users/djoshea/Desktop/projects/photo-tinder
    

SwiftCompile normal x86_64 Compiling\ PhotoLibrary.swift /Users/djoshea/Desktop/projects/photo-tinder/PhotoTinder/Library/PhotoLibrary.swift (in target 'PhotoTinder' from project 'PhotoTinder')

SwiftCompile normal x86_64 /Users/djoshea/Desktop/projects/photo-tinder/PhotoTinder/Library/PhotoLibrary.swift (in target 'PhotoTinder' from project 'PhotoTinder')
    cd /Users/djoshea/Desktop/projects/photo-tinder
    

SwiftCompile normal x86_64 Compiling\ RootView.swift /Users/djoshea/Desktop/projects/photo-tinder/PhotoTinder/Views/RootView.swift (in target 'PhotoTinder' from project 'PhotoTinder')

SwiftCompile normal x86_64 /Users/djoshea/Desktop/projects/photo-tinder/PhotoTinder/Views/RootView.swift (in target 'PhotoTinder' from project 'PhotoTinder')
    cd /Users/djoshea/Desktop/projects/photo-tinder
    

SwiftCompile normal x86_64 Compiling\ MediaViews.swift /Users/djoshea/Desktop/projects/photo-tinder/PhotoTinder/Views/MediaViews.swift (in target 'PhotoTinder' from project 'PhotoTinder')

SwiftCompile normal x86_64 /Users/djoshea/Desktop/projects/photo-tinder/PhotoTinder/Views/MediaViews.swift (in target 'PhotoTinder' from project 'PhotoTinder')
    cd /Users/djoshea/Desktop/projects/photo-tinder
    

SwiftCompile normal x86_64 Compiling\ ReviewStore.swift /Users/djoshea/Desktop/projects/photo-tinder/PhotoTinder/Core/ReviewStore.swift (in target 'PhotoTinder' from project 'PhotoTinder')

SwiftCompile normal x86_64 /Users/djoshea/Desktop/projects/photo-tinder/PhotoTinder/Core/ReviewStore.swift (in target 'PhotoTinder' from project 'PhotoTinder')
    cd /Users/djoshea/Desktop/projects/photo-tinder
    

SwiftCompile normal x86_64 Compiling\ AppModel.swift /Users/djoshea/Desktop/projects/photo-tinder/PhotoTinder/App/AppModel.swift (in target 'PhotoTinder' from project 'PhotoTinder')

SwiftCompile normal x86_64 /Users/djoshea/Desktop/projects/photo-tinder/PhotoTinder/App/AppModel.swift (in target 'PhotoTinder' from project 'PhotoTinder')
    cd /Users/djoshea/Desktop/projects/photo-tinder
    

SwiftCompile normal x86_64 Compiling\ MediaItem.swift /Users/djoshea/Desktop/projects/photo-tinder/PhotoTinder/Core/MediaItem.swift (in target 'PhotoTinder' from project 'PhotoTinder')

SwiftCompile normal x86_64 /Users/djoshea/Desktop/projects/photo-tinder/PhotoTinder/Core/MediaItem.swift (in target 'PhotoTinder' from project 'PhotoTinder')
    cd /Users/djoshea/Desktop/projects/photo-tinder
    

SwiftCompile normal x86_64 Compiling\ ReviewState.swift /Users/djoshea/Desktop/projects/photo-tinder/PhotoTinder/Core/ReviewState.swift (in target 'PhotoTinder' from project 'PhotoTinder')

SwiftCompile normal x86_64 /Users/djoshea/Desktop/projects/photo-tinder/PhotoTinder/Core/ReviewState.swift (in target 'PhotoTinder' from project 'PhotoTinder')
    cd /Users/djoshea/Desktop/projects/photo-tinder
    

SwiftCompile normal arm64 Compiling\ ReviewState.swift /Users/djoshea/Desktop/projects/photo-tinder/PhotoTinder/Core/ReviewState.swift (in target 'PhotoTinder' from project 'PhotoTinder')

SwiftCompile normal arm64 /Users/djoshea/Desktop/projects/photo-tinder/PhotoTinder/Core/ReviewState.swift (in target 'PhotoTinder' from project 'PhotoTinder')
    cd /Users/djoshea/Desktop/projects/photo-tinder
    

SwiftEmitModule normal arm64 Emitting\ module\ for\ PhotoTinder (in target 'PhotoTinder' from project 'PhotoTinder')

EmitSwiftModule normal arm64 (in target 'PhotoTinder' from project 'PhotoTinder')
    cd /Users/djoshea/Desktop/projects/photo-tinder
    

SwiftCompile normal arm64 Compiling\ MediaViews.swift /Users/djoshea/Desktop/projects/photo-tinder/PhotoTinder/Views/MediaViews.swift (in target 'PhotoTinder' from project 'PhotoTinder')

SwiftCompile normal arm64 /Users/djoshea/Desktop/projects/photo-tinder/PhotoTinder/Views/MediaViews.swift (in target 'PhotoTinder' from project 'PhotoTinder')
    cd /Users/djoshea/Desktop/projects/photo-tinder
    

SwiftCompile normal arm64 Compiling\ RootView.swift /Users/djoshea/Desktop/projects/photo-tinder/PhotoTinder/Views/RootView.swift (in target 'PhotoTinder' from project 'PhotoTinder')

SwiftCompile normal arm64 /Users/djoshea/Desktop/projects/photo-tinder/PhotoTinder/Views/RootView.swift (in target 'PhotoTinder' from project 'PhotoTinder')
    cd /Users/djoshea/Desktop/projects/photo-tinder
    

SwiftCompile normal arm64 Compiling\ PhotoLibrary.swift /Users/djoshea/Desktop/projects/photo-tinder/PhotoTinder/Library/PhotoLibrary.swift (in target 'PhotoTinder' from project 'PhotoTinder')

SwiftCompile normal arm64 /Users/djoshea/Desktop/projects/photo-tinder/PhotoTinder/Library/PhotoLibrary.swift (in target 'PhotoTinder' from project 'PhotoTinder')
    cd /Users/djoshea/Desktop/projects/photo-tinder
    

SwiftDriverJobDiscovery normal x86_64 Emitting module for PhotoTinder (in target 'PhotoTinder' from project 'PhotoTinder')

SwiftDriver\ Compilation\ Requirements PhotoTinder normal x86_64 com.apple.xcode.tools.swift.compiler (in target 'PhotoTinder' from project 'PhotoTinder')
    cd /Users/djoshea/Desktop/projects/photo-tinder
    builtin-Swift-Compilation-Requirements -- /Applications/Xcode.app/Contents/Developer/Toolchains/XcodeDefault.xctoolchain/usr/bin/swiftc -module-name PhotoTinder -Onone @/Users/djoshea/Desktop/projects/photo-tinder/build/Build/Intermediates.noindex/PhotoTinder.build/Debug-iphonesimulator/PhotoTinder.build/Objects-normal/x86_64/PhotoTinder.SwiftFileList -DDEBUG -enable-experimental-feature DebugDescriptionMacro -sdk /Applications/Xcode.app/Contents/Developer/Platforms/iPhoneSimulator.platform/Developer/SDKs/iPhoneSimulator26.5.sdk -target x86_64-apple-ios26.0-simulator -g -module-cache-path /Users/djoshea/Desktop/projects/photo-tinder/build/ModuleCache.noindex -Xfrontend -serialize-debugging-options -enable-testing -index-store-path /Users/djoshea/Desktop/projects/photo-tinder/build/Index.noindex/DataStore -swift-version 6 -I /Users/djoshea/Desktop/projects/photo-tinder/build/Build/Products/Debug-iphonesimulator -F /Users/djoshea/Desktop/projects/photo-tinder/build/Build/Products/Debug-iphonesimulator -c -j18 -enable-batch-mode -incremental -Xcc -ivfsstatcache -Xcc /Users/djoshea/Desktop/projects/photo-tinder/build/SDKStatCaches.noindex/iphonesimulator26.5-23F81a-6cfe768891a92b912361537c460fe42b.sdkstatcache -output-file-map /Users/djoshea/Desktop/projects/photo-tinder/build/Build/Intermediates.noindex/PhotoTinder.build/Debug-iphonesimulator/PhotoTinder.build/Objects-normal/x86_64/PhotoTinder-OutputFileMap.json -use-frontend-parseable-output -save-temps -no-color-diagnostics -explicit-module-build -module-cache-path /Users/djoshea/Desktop/projects/photo-tinder/build/Build/Intermediates.noindex/SwiftExplicitPrecompiledModules -clang-scanner-module-cache-path /Users/djoshea/Desktop/projects/photo-tinder/build/ModuleCache.noindex -sdk-module-cache-path /Users/djoshea/Desktop/projects/photo-tinder/build/ModuleCache.noindex -serialize-diagnostics -emit-dependencies -emit-module -emit-module-path /Users/djoshea/Desktop/projects/photo-tinder/build/Build/Intermediates.noindex/PhotoTinder.build/Debug-iphonesimulator/PhotoTinder.build/Objects-normal/x86_64/PhotoTinder.swiftmodule -validate-clang-modules-once -clang-build-session-file /Users/djoshea/Desktop/projects/photo-tinder/build/ModuleCache.noindex/Session.modulevalidation -Xcc -I/Users/djoshea/Desktop/projects/photo-tinder/build/Build/Intermediates.noindex/PhotoTinder.build/Debug-iphonesimulator/PhotoTinder.build/swift-overrides.hmap -emit-const-values -Xfrontend -const-gather-protocols-file -Xfrontend /Users/djoshea/Desktop/projects/photo-tinder/build/Build/Intermediates.noindex/PhotoTinder.build/Debug-iphonesimulator/PhotoTinder.build/Objects-normal/x86_64/PhotoTinder_const_extract_protocols.json -Xcc -iquote -Xcc /Users/djoshea/Desktop/projects/photo-tinder/build/Build/Intermediates.noindex/PhotoTinder.build/Debug-iphonesimulator/PhotoTinder.build/PhotoTinder-generated-files.hmap -Xcc -I/Users/djoshea/Desktop/projects/photo-tinder/build/Build/Intermediates.noindex/PhotoTinder.build/Debug-iphonesimulator/PhotoTinder.build/PhotoTinder-own-target-headers.hmap -Xcc -I/Users/djoshea/Desktop/projects/photo-tinder/build/Build/Intermediates.noindex/PhotoTinder.build/Debug-iphonesimulator/PhotoTinder.build/PhotoTinder-all-target-headers.hmap -Xcc -iquote -Xcc /Users/djoshea/Desktop/projects/photo-tinder/build/Build/Intermediates.noindex/PhotoTinder.build/Debug-iphonesimulator/PhotoTinder.build/PhotoTinder-project-headers.hmap -Xcc -I/Users/djoshea/Desktop/projects/photo-tinder/build/Build/Products/Debug-iphonesimulator/include -Xcc -I/Users/djoshea/Desktop/projects/photo-tinder/build/Build/Intermediates.noindex/PhotoTinder.build/Debug-iphonesimulator/PhotoTinder.build/DerivedSources-normal/x86_64 -Xcc -I/Users/djoshea/Desktop/projects/photo-tinder/build/Build/Intermediates.noindex/PhotoTinder.build/Debug-iphonesimulator/PhotoTinder.build/DerivedSources/x86_64 -Xcc -I/Users/djoshea/Desktop/projects/photo-tinder/build/Build/Intermediates.noindex/PhotoTinder.build/Debug-iphonesimulator/PhotoTinder.build/DerivedSources -emit-objc-header -emit-objc-header-path /Users/djoshea/Desktop/projects/photo-tinder/build/Build/Intermediates.noindex/PhotoTinder.build/Debug-iphonesimulator/PhotoTinder.build/Objects-normal/x86_64/PhotoTinder-Swift.h -working-directory /Users/djoshea/Desktop/projects/photo-tinder -experimental-emit-module-separately -disable-cmo

SwiftDriverJobDiscovery normal arm64 Emitting module for PhotoTinder (in target 'PhotoTinder' from project 'PhotoTinder')

SwiftDriver\ Compilation\ Requirements PhotoTinder normal arm64 com.apple.xcode.tools.swift.compiler (in target 'PhotoTinder' from project 'PhotoTinder')
    cd /Users/djoshea/Desktop/projects/photo-tinder
    builtin-Swift-Compilation-Requirements -- /Applications/Xcode.app/Contents/Developer/Toolchains/XcodeDefault.xctoolchain/usr/bin/swiftc -module-name PhotoTinder -Onone @/Users/djoshea/Desktop/projects/photo-tinder/build/Build/Intermediates.noindex/PhotoTinder.build/Debug-iphonesimulator/PhotoTinder.build/Objects-normal/arm64/PhotoTinder.SwiftFileList -DDEBUG -enable-experimental-feature DebugDescriptionMacro -sdk /Applications/Xcode.app/Contents/Developer/Platforms/iPhoneSimulator.platform/Developer/SDKs/iPhoneSimulator26.5.sdk -target arm64-apple-ios26.0-simulator -g -module-cache-path /Users/djoshea/Desktop/projects/photo-tinder/build/ModuleCache.noindex -Xfrontend -serialize-debugging-options -enable-testing -index-store-path /Users/djoshea/Desktop/projects/photo-tinder/build/Index.noindex/DataStore -swift-version 6 -I /Users/djoshea/Desktop/projects/photo-tinder/build/Build/Products/Debug-iphonesimulator -F /Users/djoshea/Desktop/projects/photo-tinder/build/Build/Products/Debug-iphonesimulator -c -j18 -enable-batch-mode -incremental -Xcc -ivfsstatcache -Xcc /Users/djoshea/Desktop/projects/photo-tinder/build/SDKStatCaches.noindex/iphonesimulator26.5-23F81a-6cfe768891a92b912361537c460fe42b.sdkstatcache -output-file-map /Users/djoshea/Desktop/projects/photo-tinder/build/Build/Intermediates.noindex/PhotoTinder.build/Debug-iphonesimulator/PhotoTinder.build/Objects-normal/arm64/PhotoTinder-OutputFileMap.json -use-frontend-parseable-output -save-temps -no-color-diagnostics -explicit-module-build -module-cache-path /Users/djoshea/Desktop/projects/photo-tinder/build/Build/Intermediates.noindex/SwiftExplicitPrecompiledModules -clang-scanner-module-cache-path /Users/djoshea/Desktop/projects/photo-tinder/build/ModuleCache.noindex -sdk-module-cache-path /Users/djoshea/Desktop/projects/photo-tinder/build/ModuleCache.noindex -serialize-diagnostics -emit-dependencies -emit-module -emit-module-path /Users/djoshea/Desktop/projects/photo-tinder/build/Build/Intermediates.noindex/PhotoTinder.build/Debug-iphonesimulator/PhotoTinder.build/Objects-normal/arm64/PhotoTinder.swiftmodule -validate-clang-modules-once -clang-build-session-file /Users/djoshea/Desktop/projects/photo-tinder/build/ModuleCache.noindex/Session.modulevalidation -Xcc -I/Users/djoshea/Desktop/projects/photo-tinder/build/Build/Intermediates.noindex/PhotoTinder.build/Debug-iphonesimulator/PhotoTinder.build/swift-overrides.hmap -emit-const-values -Xfrontend -const-gather-protocols-file -Xfrontend /Users/djoshea/Desktop/projects/photo-tinder/build/Build/Intermediates.noindex/PhotoTinder.build/Debug-iphonesimulator/PhotoTinder.build/Objects-normal/arm64/PhotoTinder_const_extract_protocols.json -Xcc -iquote -Xcc /Users/djoshea/Desktop/projects/photo-tinder/build/Build/Intermediates.noindex/PhotoTinder.build/Debug-iphonesimulator/PhotoTinder.build/PhotoTinder-generated-files.hmap -Xcc -I/Users/djoshea/Desktop/projects/photo-tinder/build/Build/Intermediates.noindex/PhotoTinder.build/Debug-iphonesimulator/PhotoTinder.build/PhotoTinder-own-target-headers.hmap -Xcc -I/Users/djoshea/Desktop/projects/photo-tinder/build/Build/Intermediates.noindex/PhotoTinder.build/Debug-iphonesimulator/PhotoTinder.build/PhotoTinder-all-target-headers.hmap -Xcc -iquote -Xcc /Users/djoshea/Desktop/projects/photo-tinder/build/Build/Intermediates.noindex/PhotoTinder.build/Debug-iphonesimulator/PhotoTinder.build/PhotoTinder-project-headers.hmap -Xcc -I/Users/djoshea/Desktop/projects/photo-tinder/build/Build/Products/Debug-iphonesimulator/include -Xcc -I/Users/djoshea/Desktop/projects/photo-tinder/build/Build/Intermediates.noindex/PhotoTinder.build/Debug-iphonesimulator/PhotoTinder.build/DerivedSources-normal/arm64 -Xcc -I/Users/djoshea/Desktop/projects/photo-tinder/build/Build/Intermediates.noindex/PhotoTinder.build/Debug-iphonesimulator/PhotoTinder.build/DerivedSources/arm64 -Xcc -I/Users/djoshea/Desktop/projects/photo-tinder/build/Build/Intermediates.noindex/PhotoTinder.build/Debug-iphonesimulator/PhotoTinder.build/DerivedSources -emit-objc-header -emit-objc-header-path /Users/djoshea/Desktop/projects/photo-tinder/build/Build/Intermediates.noindex/PhotoTinder.build/Debug-iphonesimulator/PhotoTinder.build/Objects-normal/arm64/PhotoTinder-Swift.h -working-directory /Users/djoshea/Desktop/projects/photo-tinder -experimental-emit-module-separately -disable-cmo

SwiftCompile normal arm64 Compiling\ SwipeView.swift /Users/djoshea/Desktop/projects/photo-tinder/PhotoTinder/Views/SwipeView.swift (in target 'PhotoTinder' from project 'PhotoTinder')

SwiftCompile normal arm64 /Users/djoshea/Desktop/projects/photo-tinder/PhotoTinder/Views/SwipeView.swift (in target 'PhotoTinder' from project 'PhotoTinder')
    cd /Users/djoshea/Desktop/projects/photo-tinder
    

SwiftMergeGeneratedHeaders /Users/djoshea/Desktop/projects/photo-tinder/build/Build/Intermediates.noindex/PhotoTinder.build/Debug-iphonesimulator/PhotoTinder.build/DerivedSources/PhotoTinder-Swift.h /Users/djoshea/Desktop/projects/photo-tinder/build/Build/Intermediates.noindex/PhotoTinder.build/Debug-iphonesimulator/PhotoTinder.build/Objects-normal/arm64/PhotoTinder-Swift.h /Users/djoshea/Desktop/projects/photo-tinder/build/Build/Intermediates.noindex/PhotoTinder.build/Debug-iphonesimulator/PhotoTinder.build/Objects-normal/x86_64/PhotoTinder-Swift.h (in target 'PhotoTinder' from project 'PhotoTinder')
    cd /Users/djoshea/Desktop/projects/photo-tinder
    builtin-swiftHeaderTool -arch arm64 /Users/djoshea/Desktop/projects/photo-tinder/build/Build/Intermediates.noindex/PhotoTinder.build/Debug-iphonesimulator/PhotoTinder.build/Objects-normal/arm64/PhotoTinder-Swift.h -arch x86_64 /Users/djoshea/Desktop/projects/photo-tinder/build/Build/Intermediates.noindex/PhotoTinder.build/Debug-iphonesimulator/PhotoTinder.build/Objects-normal/x86_64/PhotoTinder-Swift.h -o /Users/djoshea/Desktop/projects/photo-tinder/build/Build/Intermediates.noindex/PhotoTinder.build/Debug-iphonesimulator/PhotoTinder.build/DerivedSources/PhotoTinder-Swift.h

SwiftDriverJobDiscovery normal x86_64 Compiling ReviewStore.swift (in target 'PhotoTinder' from project 'PhotoTinder')

Copy /Users/djoshea/Desktop/projects/photo-tinder/build/Build/Products/Debug-iphonesimulator/PhotoTinder.swiftmodule/x86_64-apple-ios-simulator.swiftmodule /Users/djoshea/Desktop/projects/photo-tinder/build/Build/Intermediates.noindex/PhotoTinder.build/Debug-iphonesimulator/PhotoTinder.build/Objects-normal/x86_64/PhotoTinder.swiftmodule (in target 'PhotoTinder' from project 'PhotoTinder')
    cd /Users/djoshea/Desktop/projects/photo-tinder
    builtin-copy -exclude .DS_Store -exclude CVS -exclude .svn -exclude .git -exclude .hg -strip-unsigned-binaries -strip-deterministic -strip-tool /Applications/Xcode.app/Contents/Developer/Toolchains/XcodeDefault.xctoolchain/usr/bin/strip -resolve-src-symlinks -rename /Users/djoshea/Desktop/projects/photo-tinder/build/Build/Intermediates.noindex/PhotoTinder.build/Debug-iphonesimulator/PhotoTinder.build/Objects-normal/x86_64/PhotoTinder.swiftmodule /Users/djoshea/Desktop/projects/photo-tinder/build/Build/Products/Debug-iphonesimulator/PhotoTinder.swiftmodule/x86_64-apple-ios-simulator.swiftmodule

Copy /Users/djoshea/Desktop/projects/photo-tinder/build/Build/Products/Debug-iphonesimulator/PhotoTinder.swiftmodule/x86_64-apple-ios-simulator.swiftdoc /Users/djoshea/Desktop/projects/photo-tinder/build/Build/Intermediates.noindex/PhotoTinder.build/Debug-iphonesimulator/PhotoTinder.build/Objects-normal/x86_64/PhotoTinder.swiftdoc (in target 'PhotoTinder' from project 'PhotoTinder')
    cd /Users/djoshea/Desktop/projects/photo-tinder
    builtin-copy -exclude .DS_Store -exclude CVS -exclude .svn -exclude .git -exclude .hg -strip-unsigned-binaries -strip-deterministic -strip-tool /Applications/Xcode.app/Contents/Developer/Toolchains/XcodeDefault.xctoolchain/usr/bin/strip -resolve-src-symlinks -rename /Users/djoshea/Desktop/projects/photo-tinder/build/Build/Intermediates.noindex/PhotoTinder.build/Debug-iphonesimulator/PhotoTinder.build/Objects-normal/x86_64/PhotoTinder.swiftdoc /Users/djoshea/Desktop/projects/photo-tinder/build/Build/Products/Debug-iphonesimulator/PhotoTinder.swiftmodule/x86_64-apple-ios-simulator.swiftdoc

Copy /Users/djoshea/Desktop/projects/photo-tinder/build/Build/Products/Debug-iphonesimulator/PhotoTinder.swiftmodule/x86_64-apple-ios-simulator.abi.json /Users/djoshea/Desktop/projects/photo-tinder/build/Build/Intermediates.noindex/PhotoTinder.build/Debug-iphonesimulator/PhotoTinder.build/Objects-normal/x86_64/PhotoTinder.abi.json (in target 'PhotoTinder' from project 'PhotoTinder')
    cd /Users/djoshea/Desktop/projects/photo-tinder
    builtin-copy -exclude .DS_Store -exclude CVS -exclude .svn -exclude .git -exclude .hg -strip-unsigned-binaries -strip-deterministic -strip-tool /Applications/Xcode.app/Contents/Developer/Toolchains/XcodeDefault.xctoolchain/usr/bin/strip -resolve-src-symlinks -rename /Users/djoshea/Desktop/projects/photo-tinder/build/Build/Intermediates.noindex/PhotoTinder.build/Debug-iphonesimulator/PhotoTinder.build/Objects-normal/x86_64/PhotoTinder.abi.json /Users/djoshea/Desktop/projects/photo-tinder/build/Build/Products/Debug-iphonesimulator/PhotoTinder.swiftmodule/x86_64-apple-ios-simulator.abi.json

SwiftDriverJobDiscovery normal x86_64 Compiling GeneratedAssetSymbols.swift (in target 'PhotoTinder' from project 'PhotoTinder')

Copy /Users/djoshea/Desktop/projects/photo-tinder/build/Build/Products/Debug-iphonesimulator/PhotoTinder.swiftmodule/arm64-apple-ios-simulator.swiftmodule /Users/djoshea/Desktop/projects/photo-tinder/build/Build/Intermediates.noindex/PhotoTinder.build/Debug-iphonesimulator/PhotoTinder.build/Objects-normal/arm64/PhotoTinder.swiftmodule (in target 'PhotoTinder' from project 'PhotoTinder')
    cd /Users/djoshea/Desktop/projects/photo-tinder
    builtin-copy -exclude .DS_Store -exclude CVS -exclude .svn -exclude .git -exclude .hg -strip-unsigned-binaries -strip-deterministic -strip-tool /Applications/Xcode.app/Contents/Developer/Toolchains/XcodeDefault.xctoolchain/usr/bin/strip -resolve-src-symlinks -rename /Users/djoshea/Desktop/projects/photo-tinder/build/Build/Intermediates.noindex/PhotoTinder.build/Debug-iphonesimulator/PhotoTinder.build/Objects-normal/arm64/PhotoTinder.swiftmodule /Users/djoshea/Desktop/projects/photo-tinder/build/Build/Products/Debug-iphonesimulator/PhotoTinder.swiftmodule/arm64-apple-ios-simulator.swiftmodule

Copy /Users/djoshea/Desktop/projects/photo-tinder/build/Build/Products/Debug-iphonesimulator/PhotoTinder.swiftmodule/arm64-apple-ios-simulator.swiftdoc /Users/djoshea/Desktop/projects/photo-tinder/build/Build/Intermediates.noindex/PhotoTinder.build/Debug-iphonesimulator/PhotoTinder.build/Objects-normal/arm64/PhotoTinder.swiftdoc (in target 'PhotoTinder' from project 'PhotoTinder')
    cd /Users/djoshea/Desktop/projects/photo-tinder
    builtin-copy -exclude .DS_Store -exclude CVS -exclude .svn -exclude .git -exclude .hg -strip-unsigned-binaries -strip-deterministic -strip-tool /Applications/Xcode.app/Contents/Developer/Toolchains/XcodeDefault.xctoolchain/usr/bin/strip -resolve-src-symlinks -rename /Users/djoshea/Desktop/projects/photo-tinder/build/Build/Intermediates.noindex/PhotoTinder.build/Debug-iphonesimulator/PhotoTinder.build/Objects-normal/arm64/PhotoTinder.swiftdoc /Users/djoshea/Desktop/projects/photo-tinder/build/Build/Products/Debug-iphonesimulator/PhotoTinder.swiftmodule/arm64-apple-ios-simulator.swiftdoc

Copy /Users/djoshea/Desktop/projects/photo-tinder/build/Build/Products/Debug-iphonesimulator/PhotoTinder.swiftmodule/arm64-apple-ios-simulator.abi.json /Users/djoshea/Desktop/projects/photo-tinder/build/Build/Intermediates.noindex/PhotoTinder.build/Debug-iphonesimulator/PhotoTinder.build/Objects-normal/arm64/PhotoTinder.abi.json (in target 'PhotoTinder' from project 'PhotoTinder')
    cd /Users/djoshea/Desktop/projects/photo-tinder
    builtin-copy -exclude .DS_Store -exclude CVS -exclude .svn -exclude .git -exclude .hg -strip-unsigned-binaries -strip-deterministic -strip-tool /Applications/Xcode.app/Contents/Developer/Toolchains/XcodeDefault.xctoolchain/usr/bin/strip -resolve-src-symlinks -rename /Users/djoshea/Desktop/projects/photo-tinder/build/Build/Intermediates.noindex/PhotoTinder.build/Debug-iphonesimulator/PhotoTinder.build/Objects-normal/arm64/PhotoTinder.abi.json /Users/djoshea/Desktop/projects/photo-tinder/build/Build/Products/Debug-iphonesimulator/PhotoTinder.swiftmodule/arm64-apple-ios-simulator.abi.json

Copy /Users/djoshea/Desktop/projects/photo-tinder/build/Build/Products/Debug-iphonesimulator/PhotoTinder.swiftmodule/Project/x86_64-apple-ios-simulator.swiftsourceinfo /Users/djoshea/Desktop/projects/photo-tinder/build/Build/Intermediates.noindex/PhotoTinder.build/Debug-iphonesimulator/PhotoTinder.build/Objects-normal/x86_64/PhotoTinder.swiftsourceinfo (in target 'PhotoTinder' from project 'PhotoTinder')
    cd /Users/djoshea/Desktop/projects/photo-tinder
    builtin-copy -exclude .DS_Store -exclude CVS -exclude .svn -exclude .git -exclude .hg -strip-unsigned-binaries -strip-deterministic -strip-tool /Applications/Xcode.app/Contents/Developer/Toolchains/XcodeDefault.xctoolchain/usr/bin/strip -resolve-src-symlinks -rename /Users/djoshea/Desktop/projects/photo-tinder/build/Build/Intermediates.noindex/PhotoTinder.build/Debug-iphonesimulator/PhotoTinder.build/Objects-normal/x86_64/PhotoTinder.swiftsourceinfo /Users/djoshea/Desktop/projects/photo-tinder/build/Build/Products/Debug-iphonesimulator/PhotoTinder.swiftmodule/Project/x86_64-apple-ios-simulator.swiftsourceinfo

Copy /Users/djoshea/Desktop/projects/photo-tinder/build/Build/Products/Debug-iphonesimulator/PhotoTinder.swiftmodule/Project/arm64-apple-ios-simulator.swiftsourceinfo /Users/djoshea/Desktop/projects/photo-tinder/build/Build/Intermediates.noindex/PhotoTinder.build/Debug-iphonesimulator/PhotoTinder.build/Objects-normal/arm64/PhotoTinder.swiftsourceinfo (in target 'PhotoTinder' from project 'PhotoTinder')
    cd /Users/djoshea/Desktop/projects/photo-tinder
    builtin-copy -exclude .DS_Store -exclude CVS -exclude .svn -exclude .git -exclude .hg -strip-unsigned-binaries -strip-deterministic -strip-tool /Applications/Xcode.app/Contents/Developer/Toolchains/XcodeDefault.xctoolchain/usr/bin/strip -resolve-src-symlinks -rename /Users/djoshea/Desktop/projects/photo-tinder/build/Build/Intermediates.noindex/PhotoTinder.build/Debug-iphonesimulator/PhotoTinder.build/Objects-normal/arm64/PhotoTinder.swiftsourceinfo /Users/djoshea/Desktop/projects/photo-tinder/build/Build/Products/Debug-iphonesimulator/PhotoTinder.swiftmodule/Project/arm64-apple-ios-simulator.swiftsourceinfo

SwiftCompile normal arm64 Compiling\ SettingsView.swift /Users/djoshea/Desktop/projects/photo-tinder/PhotoTinder/Views/SettingsView.swift (in target 'PhotoTinder' from project 'PhotoTinder')

SwiftCompile normal arm64 /Users/djoshea/Desktop/projects/photo-tinder/PhotoTinder/Views/SettingsView.swift (in target 'PhotoTinder' from project 'PhotoTinder')
    cd /Users/djoshea/Desktop/projects/photo-tinder
    

SwiftCompile normal arm64 Compiling\ ReviewView.swift /Users/djoshea/Desktop/projects/photo-tinder/PhotoTinder/Views/ReviewView.swift (in target 'PhotoTinder' from project 'PhotoTinder')
SwiftCompile normal arm64 /Users/djoshea/Desktop/projects/photo-tinder/PhotoTinder/Views/ReviewView.swift (in target 'PhotoTinder' from project 'PhotoTinder')
    cd /Users/djoshea/Desktop/projects/photo-tinder
    

SwiftDriverJobDiscovery normal x86_64 Compiling ReviewState.swift (in target 'PhotoTinder' from project 'PhotoTinder')

SwiftCompile normal arm64 Compiling\ GeneratedAssetSymbols.swift /Users/djoshea/Desktop/projects/photo-tinder/build/Build/Intermediates.noindex/PhotoTinder.build/Debug-iphonesimulator/PhotoTinder.build/DerivedSources/GeneratedAssetSymbols.swift (in target 'PhotoTinder' from project 'PhotoTinder')

SwiftCompile normal arm64 /Users/djoshea/Desktop/projects/photo-tinder/build/Build/Intermediates.noindex/PhotoTinder.build/Debug-iphonesimulator/PhotoTinder.build/DerivedSources/GeneratedAssetSymbols.swift (in target 'PhotoTinder' from project 'PhotoTinder')
    cd /Users/djoshea/Desktop/projects/photo-tinder
    

SwiftCompile normal arm64 Compiling\ AppModel.swift /Users/djoshea/Desktop/projects/photo-tinder/PhotoTinder/App/AppModel.swift (in target 'PhotoTinder' from project 'PhotoTinder')

SwiftCompile normal arm64 /Users/djoshea/Desktop/projects/photo-tinder/PhotoTinder/App/AppModel.swift (in target 'PhotoTinder' from project 'PhotoTinder')
    cd /Users/djoshea/Desktop/projects/photo-tinder
    

SwiftDriverJobDiscovery normal x86_64 Compiling MediaItem.swift (in target 'PhotoTinder' from project 'PhotoTinder')

SwiftCompile normal arm64 Compiling\ ReviewStore.swift /Users/djoshea/Desktop/projects/photo-tinder/PhotoTinder/Core/ReviewStore.swift (in target 'PhotoTinder' from project 'PhotoTinder')

SwiftCompile normal arm64 /Users/djoshea/Desktop/projects/photo-tinder/PhotoTinder/Core/ReviewStore.swift (in target 'PhotoTinder' from project 'PhotoTinder')
    cd /Users/djoshea/Desktop/projects/photo-tinder
    

SwiftDriverJobDiscovery normal arm64 Compiling ReviewState.swift (in target 'PhotoTinder' from project 'PhotoTinder')

SwiftCompile normal arm64 Compiling\ MediaLoader.swift /Users/djoshea/Desktop/projects/photo-tinder/PhotoTinder/Library/MediaLoader.swift (in target 'PhotoTinder' from project 'PhotoTinder')

SwiftCompile normal arm64 /Users/djoshea/Desktop/projects/photo-tinder/PhotoTinder/Library/MediaLoader.swift (in target 'PhotoTinder' from project 'PhotoTinder')
    cd /Users/djoshea/Desktop/projects/photo-tinder
    

SwiftDriverJobDiscovery normal arm64 Compiling GeneratedAssetSymbols.swift (in target 'PhotoTinder' from project 'PhotoTinder')

SwiftCompile normal arm64 Compiling\ MediaItem.swift /Users/djoshea/Desktop/projects/photo-tinder/PhotoTinder/Core/MediaItem.swift (in target 'PhotoTinder' from project 'PhotoTinder')

SwiftCompile normal arm64 /Users/djoshea/Desktop/projects/photo-tinder/PhotoTinder/Core/MediaItem.swift (in target 'PhotoTinder' from project 'PhotoTinder')
    cd /Users/djoshea/Desktop/projects/photo-tinder
    

SwiftDriverJobDiscovery normal arm64 Compiling ReviewStore.swift (in target 'PhotoTinder' from project 'PhotoTinder')

LinkAssetCatalog /Users/djoshea/Desktop/projects/photo-tinder/PhotoTinder/Assets.xcassets (in target 'PhotoTinder' from project 'PhotoTinder')
    cd /Users/djoshea/Desktop/projects/photo-tinder
    builtin-linkAssetCatalog --thinned /Users/djoshea/Desktop/projects/photo-tinder/build/Build/Intermediates.noindex/PhotoTinder.build/Debug-iphonesimulator/PhotoTinder.build/assetcatalog_output/thinned --thinned-dependencies /Users/djoshea/Desktop/projects/photo-tinder/build/Build/Intermediates.noindex/PhotoTinder.build/Debug-iphonesimulator/PhotoTinder.build/assetcatalog_dependencies_thinned --thinned-info-plist-content /Users/djoshea/Desktop/projects/photo-tinder/build/Build/Intermediates.noindex/PhotoTinder.build/Debug-iphonesimulator/PhotoTinder.build/assetcatalog_generated_info.plist_thinned --unthinned /Users/djoshea/Desktop/projects/photo-tinder/build/Build/Intermediates.noindex/PhotoTinder.build/Debug-iphonesimulator/PhotoTinder.build/assetcatalog_output/unthinned --unthinned-dependencies /Users/djoshea/Desktop/projects/photo-tinder/build/Build/Intermediates.noindex/PhotoTinder.build/Debug-iphonesimulator/PhotoTinder.build/assetcatalog_dependencies_unthinned --unthinned-info-plist-content /Users/djoshea/Desktop/projects/photo-tinder/build/Build/Intermediates.noindex/PhotoTinder.build/Debug-iphonesimulator/PhotoTinder.build/assetcatalog_generated_info.plist_unthinned --output /Users/djoshea/Desktop/projects/photo-tinder/build/Build/Products/Debug-iphonesimulator/PhotoTinder.app --plist-output /Users/djoshea/Desktop/projects/photo-tinder/build/Build/Intermediates.noindex/PhotoTinder.build/Debug-iphonesimulator/PhotoTinder.build/assetcatalog_generated_info.plist
note: Emplaced /Users/djoshea/Desktop/projects/photo-tinder/build/Build/Products/Debug-iphonesimulator/PhotoTinder.app/AppIcon76x76@2x~ipad.png (in target 'PhotoTinder' from project 'PhotoTinder')
note: Emplaced /Users/djoshea/Desktop/projects/photo-tinder/build/Build/Products/Debug-iphonesimulator/PhotoTinder.app/AppIcon60x60@2x.png (in target 'PhotoTinder' from project 'PhotoTinder')
note: Emplaced /Users/djoshea/Desktop/projects/photo-tinder/build/Build/Products/Debug-iphonesimulator/PhotoTinder.app/Assets.car (in target 'PhotoTinder' from project 'PhotoTinder')

ProcessInfoPlistFile /Users/djoshea/Desktop/projects/photo-tinder/build/Build/Products/Debug-iphonesimulator/PhotoTinder.app/Info.plist /Users/djoshea/Desktop/projects/photo-tinder/build/Build/Intermediates.noindex/PhotoTinder.build/Debug-iphonesimulator/PhotoTinder.build/empty-PhotoTinder.plist (in target 'PhotoTinder' from project 'PhotoTinder')
    cd /Users/djoshea/Desktop/projects/photo-tinder
    builtin-infoPlistUtility /Users/djoshea/Desktop/projects/photo-tinder/build/Build/Intermediates.noindex/PhotoTinder.build/Debug-iphonesimulator/PhotoTinder.build/empty-PhotoTinder.plist -producttype com.apple.product-type.application -genpkginfo /Users/djoshea/Desktop/projects/photo-tinder/build/Build/Products/Debug-iphonesimulator/PhotoTinder.app/PkgInfo -expandbuildsettings -format binary -platform iphonesimulator -additionalcontentfile /Users/djoshea/Desktop/projects/photo-tinder/build/Build/Intermediates.noindex/PhotoTinder.build/Debug-iphonesimulator/PhotoTinder.build/assetcatalog_generated_info.plist -o /Users/djoshea/Desktop/projects/photo-tinder/build/Build/Products/Debug-iphonesimulator/PhotoTinder.app/Info.plist

SwiftDriverJobDiscovery normal arm64 Compiling MediaItem.swift (in target 'PhotoTinder' from project 'PhotoTinder')

SwiftDriverJobDiscovery normal x86_64 Compiling MediaLoader.swift (in target 'PhotoTinder' from project 'PhotoTinder')

SwiftDriverJobDiscovery normal x86_64 Compiling SettingsView.swift (in target 'PhotoTinder' from project 'PhotoTinder')

SwiftDriverJobDiscovery normal x86_64 Compiling AppModel.swift (in target 'PhotoTinder' from project 'PhotoTinder')

SwiftDriverJobDiscovery normal x86_64 Compiling PhotoLibrary.swift (in target 'PhotoTinder' from project 'PhotoTinder')

SwiftDriverJobDiscovery normal arm64 Compiling PhotoLibrary.swift (in target 'PhotoTinder' from project 'PhotoTinder')

SwiftDriverJobDiscovery normal arm64 Compiling AppModel.swift (in target 'PhotoTinder' from project 'PhotoTinder')

SwiftDriverJobDiscovery normal arm64 Compiling MediaViews.swift (in target 'PhotoTinder' from project 'PhotoTinder')

SwiftDriverJobDiscovery normal arm64 Compiling SettingsView.swift (in target 'PhotoTinder' from project 'PhotoTinder')

SwiftDriverJobDiscovery normal x86_64 Compiling RootView.swift (in target 'PhotoTinder' from project 'PhotoTinder')

SwiftDriverJobDiscovery normal x86_64 Compiling MediaViews.swift (in target 'PhotoTinder' from project 'PhotoTinder')

SwiftDriverJobDiscovery normal arm64 Compiling MediaLoader.swift (in target 'PhotoTinder' from project 'PhotoTinder')

SwiftDriverJobDiscovery normal arm64 Compiling RootView.swift (in target 'PhotoTinder' from project 'PhotoTinder')

SwiftDriverJobDiscovery normal x86_64 Compiling SwipeView.swift (in target 'PhotoTinder' from project 'PhotoTinder')

SwiftDriverJobDiscovery normal arm64 Compiling SwipeView.swift (in target 'PhotoTinder' from project 'PhotoTinder')

SwiftDriverJobDiscovery normal x86_64 Compiling ReviewView.swift (in target 'PhotoTinder' from project 'PhotoTinder')

SwiftDriver\ Compilation PhotoTinder normal x86_64 com.apple.xcode.tools.swift.compiler (in target 'PhotoTinder' from project 'PhotoTinder')
    cd /Users/djoshea/Desktop/projects/photo-tinder
    builtin-Swift-Compilation -- /Applications/Xcode.app/Contents/Developer/Toolchains/XcodeDefault.xctoolchain/usr/bin/swiftc -module-name PhotoTinder -Onone @/Users/djoshea/Desktop/projects/photo-tinder/build/Build/Intermediates.noindex/PhotoTinder.build/Debug-iphonesimulator/PhotoTinder.build/Objects-normal/x86_64/PhotoTinder.SwiftFileList -DDEBUG -enable-experimental-feature DebugDescriptionMacro -sdk /Applications/Xcode.app/Contents/Developer/Platforms/iPhoneSimulator.platform/Developer/SDKs/iPhoneSimulator26.5.sdk -target x86_64-apple-ios26.0-simulator -g -module-cache-path /Users/djoshea/Desktop/projects/photo-tinder/build/ModuleCache.noindex -Xfrontend -serialize-debugging-options -enable-testing -index-store-path /Users/djoshea/Desktop/projects/photo-tinder/build/Index.noindex/DataStore -swift-version 6 -I /Users/djoshea/Desktop/projects/photo-tinder/build/Build/Products/Debug-iphonesimulator -F /Users/djoshea/Desktop/projects/photo-tinder/build/Build/Products/Debug-iphonesimulator -c -j18 -enable-batch-mode -incremental -Xcc -ivfsstatcache -Xcc /Users/djoshea/Desktop/projects/photo-tinder/build/SDKStatCaches.noindex/iphonesimulator26.5-23F81a-6cfe768891a92b912361537c460fe42b.sdkstatcache -output-file-map /Users/djoshea/Desktop/projects/photo-tinder/build/Build/Intermediates.noindex/PhotoTinder.build/Debug-iphonesimulator/PhotoTinder.build/Objects-normal/x86_64/PhotoTinder-OutputFileMap.json -use-frontend-parseable-output -save-temps -no-color-diagnostics -explicit-module-build -module-cache-path /Users/djoshea/Desktop/projects/photo-tinder/build/Build/Intermediates.noindex/SwiftExplicitPrecompiledModules -clang-scanner-module-cache-path /Users/djoshea/Desktop/projects/photo-tinder/build/ModuleCache.noindex -sdk-module-cache-path /Users/djoshea/Desktop/projects/photo-tinder/build/ModuleCache.noindex -serialize-diagnostics -emit-dependencies -emit-module -emit-module-path /Users/djoshea/Desktop/projects/photo-tinder/build/Build/Intermediates.noindex/PhotoTinder.build/Debug-iphonesimulator/PhotoTinder.build/Objects-normal/x86_64/PhotoTinder.swiftmodule -validate-clang-modules-once -clang-build-session-file /Users/djoshea/Desktop/projects/photo-tinder/build/ModuleCache.noindex/Session.modulevalidation -Xcc -I/Users/djoshea/Desktop/projects/photo-tinder/build/Build/Intermediates.noindex/PhotoTinder.build/Debug-iphonesimulator/PhotoTinder.build/swift-overrides.hmap -emit-const-values -Xfrontend -const-gather-protocols-file -Xfrontend /Users/djoshea/Desktop/projects/photo-tinder/build/Build/Intermediates.noindex/PhotoTinder.build/Debug-iphonesimulator/PhotoTinder.build/Objects-normal/x86_64/PhotoTinder_const_extract_protocols.json -Xcc -iquote -Xcc /Users/djoshea/Desktop/projects/photo-tinder/build/Build/Intermediates.noindex/PhotoTinder.build/Debug-iphonesimulator/PhotoTinder.build/PhotoTinder-generated-files.hmap -Xcc -I/Users/djoshea/Desktop/projects/photo-tinder/build/Build/Intermediates.noindex/PhotoTinder.build/Debug-iphonesimulator/PhotoTinder.build/PhotoTinder-own-target-headers.hmap -Xcc -I/Users/djoshea/Desktop/projects/photo-tinder/build/Build/Intermediates.noindex/PhotoTinder.build/Debug-iphonesimulator/PhotoTinder.build/PhotoTinder-all-target-headers.hmap -Xcc -iquote -Xcc /Users/djoshea/Desktop/projects/photo-tinder/build/Build/Intermediates.noindex/PhotoTinder.build/Debug-iphonesimulator/PhotoTinder.build/PhotoTinder-project-headers.hmap -Xcc -I/Users/djoshea/Desktop/projects/photo-tinder/build/Build/Products/Debug-iphonesimulator/include -Xcc -I/Users/djoshea/Desktop/projects/photo-tinder/build/Build/Intermediates.noindex/PhotoTinder.build/Debug-iphonesimulator/PhotoTinder.build/DerivedSources-normal/x86_64 -Xcc -I/Users/djoshea/Desktop/projects/photo-tinder/build/Build/Intermediates.noindex/PhotoTinder.build/Debug-iphonesimulator/PhotoTinder.build/DerivedSources/x86_64 -Xcc -I/Users/djoshea/Desktop/projects/photo-tinder/build/Build/Intermediates.noindex/PhotoTinder.build/Debug-iphonesimulator/PhotoTinder.build/DerivedSources -emit-objc-header -emit-objc-header-path /Users/djoshea/Desktop/projects/photo-tinder/build/Build/Intermediates.noindex/PhotoTinder.build/Debug-iphonesimulator/PhotoTinder.build/Objects-normal/x86_64/PhotoTinder-Swift.h -working-directory /Users/djoshea/Desktop/projects/photo-tinder -experimental-emit-module-separately -disable-cmo

Ld /Users/djoshea/Desktop/projects/photo-tinder/build/Build/Intermediates.noindex/PhotoTinder.build/Debug-iphonesimulator/PhotoTinder.build/Objects-normal/x86_64/Binary/PhotoTinder.debug.dylib normal x86_64 (in target 'PhotoTinder' from project 'PhotoTinder')
    cd /Users/djoshea/Desktop/projects/photo-tinder
    /Applications/Xcode.app/Contents/Developer/Toolchains/XcodeDefault.xctoolchain/usr/bin/clang -Xlinker -reproducible -target x86_64-apple-ios26.0-simulator -dynamiclib -isysroot /Applications/Xcode.app/Contents/Developer/Platforms/iPhoneSimulator.platform/Developer/SDKs/iPhoneSimulator26.5.sdk -Os -L/Users/djoshea/Desktop/projects/photo-tinder/build/Build/Intermediates.noindex/EagerLinkingTBDs/Debug-iphonesimulator -L/Users/djoshea/Desktop/projects/photo-tinder/build/Build/Products/Debug-iphonesimulator -F/Users/djoshea/Desktop/projects/photo-tinder/build/Build/Intermediates.noindex/EagerLinkingTBDs/Debug-iphonesimulator -F/Users/djoshea/Desktop/projects/photo-tinder/build/Build/Products/Debug-iphonesimulator -filelist /Users/djoshea/Desktop/projects/photo-tinder/build/Build/Intermediates.noindex/PhotoTinder.build/Debug-iphonesimulator/PhotoTinder.build/Objects-normal/x86_64/PhotoTinder.LinkFileList -install_name @rpath/PhotoTinder.debug.dylib -Xlinker -dead_strip -Xlinker -object_path_lto -Xlinker /Users/djoshea/Desktop/projects/photo-tinder/build/Build/Intermediates.noindex/PhotoTinder.build/Debug-iphonesimulator/PhotoTinder.build/Objects-normal/x86_64/PhotoTinder_lto.o -rdynamic -Xlinker -objc_abi_version -Xlinker 2 -Xlinker -dependency_info -Xlinker /Users/djoshea/Desktop/projects/photo-tinder/build/Build/Intermediates.noindex/PhotoTinder.build/Debug-iphonesimulator/PhotoTinder.build/Objects-normal/x86_64/PhotoTinder_dependency_info.dat -fobjc-link-runtime -L/Applications/Xcode.app/Contents/Developer/Toolchains/XcodeDefault.xctoolchain/usr/lib/swift/iphonesimulator -L/usr/lib/swift -Xlinker -add_ast_path -Xlinker /Users/djoshea/Desktop/projects/photo-tinder/build/Build/Intermediates.noindex/PhotoTinder.build/Debug-iphonesimulator/PhotoTinder.build/Objects-normal/x86_64/PhotoTinder.swiftmodule @/Users/djoshea/Desktop/projects/photo-tinder/build/Build/Intermediates.noindex/PhotoTinder.build/Debug-iphonesimulator/PhotoTinder.build/Objects-normal/x86_64/PhotoTinder-linker-args.resp -Xlinker -alias -Xlinker _main -Xlinker ___debug_main_executable_dylib_entry_point -o /Users/djoshea/Desktop/projects/photo-tinder/build/Build/Intermediates.noindex/PhotoTinder.build/Debug-iphonesimulator/PhotoTinder.build/Objects-normal/x86_64/Binary/PhotoTinder.debug.dylib

ConstructStubExecutorLinkFileList /Users/djoshea/Desktop/projects/photo-tinder/build/Build/Intermediates.noindex/PhotoTinder.build/Debug-iphonesimulator/PhotoTinder.build/PhotoTinder-ExecutorLinkFileList-normal-x86_64.txt (in target 'PhotoTinder' from project 'PhotoTinder')
    cd /Users/djoshea/Desktop/projects/photo-tinder
    construct-stub-executor-link-file-list /Users/djoshea/Desktop/projects/photo-tinder/build/Build/Intermediates.noindex/PhotoTinder.build/Debug-iphonesimulator/PhotoTinder.build/Objects-normal/x86_64/Binary/PhotoTinder.debug.dylib /Applications/Xcode.app/Contents/Developer/Platforms/iPhoneSimulator.platform/Developer/usr/lib/libPreviewsJITStubExecutor_no_swift_entry_point.a /Applications/Xcode.app/Contents/Developer/Platforms/iPhoneSimulator.platform/Developer/usr/lib/libPreviewsJITStubExecutor.a --output /Users/djoshea/Desktop/projects/photo-tinder/build/Build/Intermediates.noindex/PhotoTinder.build/Debug-iphonesimulator/PhotoTinder.build/PhotoTinder-ExecutorLinkFileList-normal-x86_64.txt
note: Using stub executor library with Swift entry point. (in target 'PhotoTinder' from project 'PhotoTinder')

Ld /Users/djoshea/Desktop/projects/photo-tinder/build/Build/Intermediates.noindex/PhotoTinder.build/Debug-iphonesimulator/PhotoTinder.build/Objects-normal/x86_64/Binary/PhotoTinder normal x86_64 (in target 'PhotoTinder' from project 'PhotoTinder')
    cd /Users/djoshea/Desktop/projects/photo-tinder
    /Applications/Xcode.app/Contents/Developer/Toolchains/XcodeDefault.xctoolchain/usr/bin/clang -Xlinker -reproducible -target x86_64-apple-ios26.0-simulator -isysroot /Applications/Xcode.app/Contents/Developer/Platforms/iPhoneSimulator.platform/Developer/SDKs/iPhoneSimulator26.5.sdk -Os -L/Users/djoshea/Desktop/projects/photo-tinder/build/Build/Products/Debug-iphonesimulator -F/Users/djoshea/Desktop/projects/photo-tinder/build/Build/Products/Debug-iphonesimulator -Xlinker -rpath -Xlinker @executable_path -rdynamic -Xlinker -objc_abi_version -Xlinker 2 -e ___debug_blank_executor_main -Xlinker -sectcreate -Xlinker __TEXT -Xlinker __debug_dylib -Xlinker /Users/djoshea/Desktop/projects/photo-tinder/build/Build/Intermediates.noindex/PhotoTinder.build/Debug-iphonesimulator/PhotoTinder.build/PhotoTinder-DebugDylibPath-normal-x86_64.txt -Xlinker -sectcreate -Xlinker __TEXT -Xlinker __debug_instlnm -Xlinker /Users/djoshea/Desktop/projects/photo-tinder/build/Build/Intermediates.noindex/PhotoTinder.build/Debug-iphonesimulator/PhotoTinder.build/PhotoTinder-DebugDylibInstallName-normal-x86_64.txt -Xlinker -filelist -Xlinker /Users/djoshea/Desktop/projects/photo-tinder/build/Build/Intermediates.noindex/PhotoTinder.build/Debug-iphonesimulator/PhotoTinder.build/PhotoTinder-ExecutorLinkFileList-normal-x86_64.txt /Users/djoshea/Desktop/projects/photo-tinder/build/Build/Intermediates.noindex/PhotoTinder.build/Debug-iphonesimulator/PhotoTinder.build/Objects-normal/x86_64/Binary/PhotoTinder.debug.dylib -o /Users/djoshea/Desktop/projects/photo-tinder/build/Build/Intermediates.noindex/PhotoTinder.build/Debug-iphonesimulator/PhotoTinder.build/Objects-normal/x86_64/Binary/PhotoTinder

SwiftDriverJobDiscovery normal arm64 Compiling ReviewView.swift (in target 'PhotoTinder' from project 'PhotoTinder')

SwiftDriver\ Compilation PhotoTinder normal arm64 com.apple.xcode.tools.swift.compiler (in target 'PhotoTinder' from project 'PhotoTinder')
    cd /Users/djoshea/Desktop/projects/photo-tinder
    builtin-Swift-Compilation -- /Applications/Xcode.app/Contents/Developer/Toolchains/XcodeDefault.xctoolchain/usr/bin/swiftc -module-name PhotoTinder -Onone @/Users/djoshea/Desktop/projects/photo-tinder/build/Build/Intermediates.noindex/PhotoTinder.build/Debug-iphonesimulator/PhotoTinder.build/Objects-normal/arm64/PhotoTinder.SwiftFileList -DDEBUG -enable-experimental-feature DebugDescriptionMacro -sdk /Applications/Xcode.app/Contents/Developer/Platforms/iPhoneSimulator.platform/Developer/SDKs/iPhoneSimulator26.5.sdk -target arm64-apple-ios26.0-simulator -g -module-cache-path /Users/djoshea/Desktop/projects/photo-tinder/build/ModuleCache.noindex -Xfrontend -serialize-debugging-options -enable-testing -index-store-path /Users/djoshea/Desktop/projects/photo-tinder/build/Index.noindex/DataStore -swift-version 6 -I /Users/djoshea/Desktop/projects/photo-tinder/build/Build/Products/Debug-iphonesimulator -F /Users/djoshea/Desktop/projects/photo-tinder/build/Build/Products/Debug-iphonesimulator -c -j18 -enable-batch-mode -incremental -Xcc -ivfsstatcache -Xcc /Users/djoshea/Desktop/projects/photo-tinder/build/SDKStatCaches.noindex/iphonesimulator26.5-23F81a-6cfe768891a92b912361537c460fe42b.sdkstatcache -output-file-map /Users/djoshea/Desktop/projects/photo-tinder/build/Build/Intermediates.noindex/PhotoTinder.build/Debug-iphonesimulator/PhotoTinder.build/Objects-normal/arm64/PhotoTinder-OutputFileMap.json -use-frontend-parseable-output -save-temps -no-color-diagnostics -explicit-module-build -module-cache-path /Users/djoshea/Desktop/projects/photo-tinder/build/Build/Intermediates.noindex/SwiftExplicitPrecompiledModules -clang-scanner-module-cache-path /Users/djoshea/Desktop/projects/photo-tinder/build/ModuleCache.noindex -sdk-module-cache-path /Users/djoshea/Desktop/projects/photo-tinder/build/ModuleCache.noindex -serialize-diagnostics -emit-dependencies -emit-module -emit-module-path /Users/djoshea/Desktop/projects/photo-tinder/build/Build/Intermediates.noindex/PhotoTinder.build/Debug-iphonesimulator/PhotoTinder.build/Objects-normal/arm64/PhotoTinder.swiftmodule -validate-clang-modules-once -clang-build-session-file /Users/djoshea/Desktop/projects/photo-tinder/build/ModuleCache.noindex/Session.modulevalidation -Xcc -I/Users/djoshea/Desktop/projects/photo-tinder/build/Build/Intermediates.noindex/PhotoTinder.build/Debug-iphonesimulator/PhotoTinder.build/swift-overrides.hmap -emit-const-values -Xfrontend -const-gather-protocols-file -Xfrontend /Users/djoshea/Desktop/projects/photo-tinder/build/Build/Intermediates.noindex/PhotoTinder.build/Debug-iphonesimulator/PhotoTinder.build/Objects-normal/arm64/PhotoTinder_const_extract_protocols.json -Xcc -iquote -Xcc /Users/djoshea/Desktop/projects/photo-tinder/build/Build/Intermediates.noindex/PhotoTinder.build/Debug-iphonesimulator/PhotoTinder.build/PhotoTinder-generated-files.hmap -Xcc -I/Users/djoshea/Desktop/projects/photo-tinder/build/Build/Intermediates.noindex/PhotoTinder.build/Debug-iphonesimulator/PhotoTinder.build/PhotoTinder-own-target-headers.hmap -Xcc -I/Users/djoshea/Desktop/projects/photo-tinder/build/Build/Intermediates.noindex/PhotoTinder.build/Debug-iphonesimulator/PhotoTinder.build/PhotoTinder-all-target-headers.hmap -Xcc -iquote -Xcc /Users/djoshea/Desktop/projects/photo-tinder/build/Build/Intermediates.noindex/PhotoTinder.build/Debug-iphonesimulator/PhotoTinder.build/PhotoTinder-project-headers.hmap -Xcc -I/Users/djoshea/Desktop/projects/photo-tinder/build/Build/Products/Debug-iphonesimulator/include -Xcc -I/Users/djoshea/Desktop/projects/photo-tinder/build/Build/Intermediates.noindex/PhotoTinder.build/Debug-iphonesimulator/PhotoTinder.build/DerivedSources-normal/arm64 -Xcc -I/Users/djoshea/Desktop/projects/photo-tinder/build/Build/Intermediates.noindex/PhotoTinder.build/Debug-iphonesimulator/PhotoTinder.build/DerivedSources/arm64 -Xcc -I/Users/djoshea/Desktop/projects/photo-tinder/build/Build/Intermediates.noindex/PhotoTinder.build/Debug-iphonesimulator/PhotoTinder.build/DerivedSources -emit-objc-header -emit-objc-header-path /Users/djoshea/Desktop/projects/photo-tinder/build/Build/Intermediates.noindex/PhotoTinder.build/Debug-iphonesimulator/PhotoTinder.build/Objects-normal/arm64/PhotoTinder-Swift.h -working-directory /Users/djoshea/Desktop/projects/photo-tinder -experimental-emit-module-separately -disable-cmo

Ld /Users/djoshea/Desktop/projects/photo-tinder/build/Build/Intermediates.noindex/PhotoTinder.build/Debug-iphonesimulator/PhotoTinder.build/Objects-normal/arm64/Binary/PhotoTinder.debug.dylib normal arm64 (in target 'PhotoTinder' from project 'PhotoTinder')
    cd /Users/djoshea/Desktop/projects/photo-tinder
    /Applications/Xcode.app/Contents/Developer/Toolchains/XcodeDefault.xctoolchain/usr/bin/clang -Xlinker -reproducible -target arm64-apple-ios26.0-simulator -dynamiclib -isysroot /Applications/Xcode.app/Contents/Developer/Platforms/iPhoneSimulator.platform/Developer/SDKs/iPhoneSimulator26.5.sdk -Os -L/Users/djoshea/Desktop/projects/photo-tinder/build/Build/Intermediates.noindex/EagerLinkingTBDs/Debug-iphonesimulator -L/Users/djoshea/Desktop/projects/photo-tinder/build/Build/Products/Debug-iphonesimulator -F/Users/djoshea/Desktop/projects/photo-tinder/build/Build/Intermediates.noindex/EagerLinkingTBDs/Debug-iphonesimulator -F/Users/djoshea/Desktop/projects/photo-tinder/build/Build/Products/Debug-iphonesimulator -filelist /Users/djoshea/Desktop/projects/photo-tinder/build/Build/Intermediates.noindex/PhotoTinder.build/Debug-iphonesimulator/PhotoTinder.build/Objects-normal/arm64/PhotoTinder.LinkFileList -install_name @rpath/PhotoTinder.debug.dylib -Xlinker -dead_strip -Xlinker -object_path_lto -Xlinker /Users/djoshea/Desktop/projects/photo-tinder/build/Build/Intermediates.noindex/PhotoTinder.build/Debug-iphonesimulator/PhotoTinder.build/Objects-normal/arm64/PhotoTinder_lto.o -rdynamic -Xlinker -objc_abi_version -Xlinker 2 -Xlinker -dependency_info -Xlinker /Users/djoshea/Desktop/projects/photo-tinder/build/Build/Intermediates.noindex/PhotoTinder.build/Debug-iphonesimulator/PhotoTinder.build/Objects-normal/arm64/PhotoTinder_dependency_info.dat -fobjc-link-runtime -L/Applications/Xcode.app/Contents/Developer/Toolchains/XcodeDefault.xctoolchain/usr/lib/swift/iphonesimulator -L/usr/lib/swift -Xlinker -add_ast_path -Xlinker /Users/djoshea/Desktop/projects/photo-tinder/build/Build/Intermediates.noindex/PhotoTinder.build/Debug-iphonesimulator/PhotoTinder.build/Objects-normal/arm64/PhotoTinder.swiftmodule @/Users/djoshea/Desktop/projects/photo-tinder/build/Build/Intermediates.noindex/PhotoTinder.build/Debug-iphonesimulator/PhotoTinder.build/Objects-normal/arm64/PhotoTinder-linker-args.resp -Xlinker -alias -Xlinker _main -Xlinker ___debug_main_executable_dylib_entry_point -o /Users/djoshea/Desktop/projects/photo-tinder/build/Build/Intermediates.noindex/PhotoTinder.build/Debug-iphonesimulator/PhotoTinder.build/Objects-normal/arm64/Binary/PhotoTinder.debug.dylib

CreateUniversalBinary /Users/djoshea/Desktop/projects/photo-tinder/build/Build/Products/Debug-iphonesimulator/PhotoTinder.app/PhotoTinder.debug.dylib normal arm64\ x86_64 (in target 'PhotoTinder' from project 'PhotoTinder')
    cd /Users/djoshea/Desktop/projects/photo-tinder
    /Applications/Xcode.app/Contents/Developer/Toolchains/XcodeDefault.xctoolchain/usr/bin/lipo -create /Users/djoshea/Desktop/projects/photo-tinder/build/Build/Intermediates.noindex/PhotoTinder.build/Debug-iphonesimulator/PhotoTinder.build/Objects-normal/arm64/Binary/PhotoTinder.debug.dylib /Users/djoshea/Desktop/projects/photo-tinder/build/Build/Intermediates.noindex/PhotoTinder.build/Debug-iphonesimulator/PhotoTinder.build/Objects-normal/x86_64/Binary/PhotoTinder.debug.dylib -output /Users/djoshea/Desktop/projects/photo-tinder/build/Build/Products/Debug-iphonesimulator/PhotoTinder.app/PhotoTinder.debug.dylib

ConstructStubExecutorLinkFileList /Users/djoshea/Desktop/projects/photo-tinder/build/Build/Intermediates.noindex/PhotoTinder.build/Debug-iphonesimulator/PhotoTinder.build/PhotoTinder-ExecutorLinkFileList-normal-arm64.txt (in target 'PhotoTinder' from project 'PhotoTinder')
    cd /Users/djoshea/Desktop/projects/photo-tinder
    construct-stub-executor-link-file-list /Users/djoshea/Desktop/projects/photo-tinder/build/Build/Intermediates.noindex/PhotoTinder.build/Debug-iphonesimulator/PhotoTinder.build/Objects-normal/arm64/Binary/PhotoTinder.debug.dylib /Applications/Xcode.app/Contents/Developer/Platforms/iPhoneSimulator.platform/Developer/usr/lib/libPreviewsJITStubExecutor_no_swift_entry_point.a /Applications/Xcode.app/Contents/Developer/Platforms/iPhoneSimulator.platform/Developer/usr/lib/libPreviewsJITStubExecutor.a --output /Users/djoshea/Desktop/projects/photo-tinder/build/Build/Intermediates.noindex/PhotoTinder.build/Debug-iphonesimulator/PhotoTinder.build/PhotoTinder-ExecutorLinkFileList-normal-arm64.txt
note: Using stub executor library with Swift entry point. (in target 'PhotoTinder' from project 'PhotoTinder')

Ld /Users/djoshea/Desktop/projects/photo-tinder/build/Build/Intermediates.noindex/PhotoTinder.build/Debug-iphonesimulator/PhotoTinder.build/Objects-normal/arm64/Binary/PhotoTinder normal arm64 (in target 'PhotoTinder' from project 'PhotoTinder')
    cd /Users/djoshea/Desktop/projects/photo-tinder
    /Applications/Xcode.app/Contents/Developer/Toolchains/XcodeDefault.xctoolchain/usr/bin/clang -Xlinker -reproducible -target arm64-apple-ios26.0-simulator -isysroot /Applications/Xcode.app/Contents/Developer/Platforms/iPhoneSimulator.platform/Developer/SDKs/iPhoneSimulator26.5.sdk -Os -L/Users/djoshea/Desktop/projects/photo-tinder/build/Build/Products/Debug-iphonesimulator -F/Users/djoshea/Desktop/projects/photo-tinder/build/Build/Products/Debug-iphonesimulator -Xlinker -rpath -Xlinker @executable_path -rdynamic -Xlinker -objc_abi_version -Xlinker 2 -e ___debug_blank_executor_main -Xlinker -sectcreate -Xlinker __TEXT -Xlinker __debug_dylib -Xlinker /Users/djoshea/Desktop/projects/photo-tinder/build/Build/Intermediates.noindex/PhotoTinder.build/Debug-iphonesimulator/PhotoTinder.build/PhotoTinder-DebugDylibPath-normal-arm64.txt -Xlinker -sectcreate -Xlinker __TEXT -Xlinker __debug_instlnm -Xlinker /Users/djoshea/Desktop/projects/photo-tinder/build/Build/Intermediates.noindex/PhotoTinder.build/Debug-iphonesimulator/PhotoTinder.build/PhotoTinder-DebugDylibInstallName-normal-arm64.txt -Xlinker -filelist -Xlinker /Users/djoshea/Desktop/projects/photo-tinder/build/Build/Intermediates.noindex/PhotoTinder.build/Debug-iphonesimulator/PhotoTinder.build/PhotoTinder-ExecutorLinkFileList-normal-arm64.txt /Users/djoshea/Desktop/projects/photo-tinder/build/Build/Intermediates.noindex/PhotoTinder.build/Debug-iphonesimulator/PhotoTinder.build/Objects-normal/arm64/Binary/PhotoTinder.debug.dylib -o /Users/djoshea/Desktop/projects/photo-tinder/build/Build/Intermediates.noindex/PhotoTinder.build/Debug-iphonesimulator/PhotoTinder.build/Objects-normal/arm64/Binary/PhotoTinder

CreateUniversalBinary /Users/djoshea/Desktop/projects/photo-tinder/build/Build/Products/Debug-iphonesimulator/PhotoTinder.app/PhotoTinder normal arm64\ x86_64 (in target 'PhotoTinder' from project 'PhotoTinder')
    cd /Users/djoshea/Desktop/projects/photo-tinder
    /Applications/Xcode.app/Contents/Developer/Toolchains/XcodeDefault.xctoolchain/usr/bin/lipo -create /Users/djoshea/Desktop/projects/photo-tinder/build/Build/Intermediates.noindex/PhotoTinder.build/Debug-iphonesimulator/PhotoTinder.build/Objects-normal/arm64/Binary/PhotoTinder /Users/djoshea/Desktop/projects/photo-tinder/build/Build/Intermediates.noindex/PhotoTinder.build/Debug-iphonesimulator/PhotoTinder.build/Objects-normal/x86_64/Binary/PhotoTinder -output /Users/djoshea/Desktop/projects/photo-tinder/build/Build/Products/Debug-iphonesimulator/PhotoTinder.app/PhotoTinder

CopySwiftLibs /Users/djoshea/Desktop/projects/photo-tinder/build/Build/Products/Debug-iphonesimulator/PhotoTinder.app (in target 'PhotoTinder' from project 'PhotoTinder')
    cd /Users/djoshea/Desktop/projects/photo-tinder
    builtin-swiftStdLibTool --copy --verbose --scan-executable /Users/djoshea/Desktop/projects/photo-tinder/build/Build/Products/Debug-iphonesimulator/PhotoTinder.app/PhotoTinder.debug.dylib --scan-folder /Users/djoshea/Desktop/projects/photo-tinder/build/Build/Products/Debug-iphonesimulator/PhotoTinder.app/Frameworks --scan-folder /Users/djoshea/Desktop/projects/photo-tinder/build/Build/Products/Debug-iphonesimulator/PhotoTinder.app/PlugIns --scan-folder /Users/djoshea/Desktop/projects/photo-tinder/build/Build/Products/Debug-iphonesimulator/PhotoTinder.app/SystemExtensions --scan-folder /Users/djoshea/Desktop/projects/photo-tinder/build/Build/Products/Debug-iphonesimulator/PhotoTinder.app/Extensions --platform iphonesimulator --toolchain /Applications/Xcode.app/Contents/Developer/Toolchains/XcodeDefault.xctoolchain --destination /Users/djoshea/Desktop/projects/photo-tinder/build/Build/Products/Debug-iphonesimulator/PhotoTinder.app/Frameworks --strip-bitcode --strip-bitcode-tool /Applications/Xcode.app/Contents/Developer/Toolchains/XcodeDefault.xctoolchain/usr/bin/bitcode_strip --emit-dependency-info /Users/djoshea/Desktop/projects/photo-tinder/build/Build/Intermediates.noindex/PhotoTinder.build/Debug-iphonesimulator/PhotoTinder.build/SwiftStdLibToolInputDependencies.dep --filter-for-swift-os
Ignoring --strip-bitcode because --sign was not passed

ExtractAppIntentsMetadata (in target 'PhotoTinder' from project 'PhotoTinder')
    cd /Users/djoshea/Desktop/projects/photo-tinder
    /Applications/Xcode.app/Contents/Developer/Toolchains/XcodeDefault.xctoolchain/usr/bin/appintentsmetadataprocessor --toolchain-dir /Applications/Xcode.app/Contents/Developer/Toolchains/XcodeDefault.xctoolchain --module-name PhotoTinder --sdk-root /Applications/Xcode.app/Contents/Developer/Platforms/iPhoneSimulator.platform/Developer/SDKs/iPhoneSimulator26.5.sdk --xcode-version 17F113 --platform-family iOS --deployment-target 26.0 --bundle-identifier org.local.PhotoTinder --output /Users/djoshea/Desktop/projects/photo-tinder/build/Build/Products/Debug-iphonesimulator/PhotoTinder.app --target-triple arm64-apple-ios26.0-simulator --target-triple x86_64-apple-ios26.0-simulator --binary-file /Users/djoshea/Desktop/projects/photo-tinder/build/Build/Products/Debug-iphonesimulator/PhotoTinder.app/PhotoTinder --dependency-file /Users/djoshea/Desktop/projects/photo-tinder/build/Build/Intermediates.noindex/PhotoTinder.build/Debug-iphonesimulator/PhotoTinder.build/Objects-normal/arm64/PhotoTinder_dependency_info.dat --dependency-file /Users/djoshea/Desktop/projects/photo-tinder/build/Build/Intermediates.noindex/PhotoTinder.build/Debug-iphonesimulator/PhotoTinder.build/Objects-normal/x86_64/PhotoTinder_dependency_info.dat --stringsdata-file /Users/djoshea/Desktop/projects/photo-tinder/build/Build/Intermediates.noindex/PhotoTinder.build/Debug-iphonesimulator/PhotoTinder.build/Objects-normal/arm64/ExtractedAppShortcutsMetadata.stringsdata --stringsdata-file /Users/djoshea/Desktop/projects/photo-tinder/build/Build/Intermediates.noindex/PhotoTinder.build/Debug-iphonesimulator/PhotoTinder.build/Objects-normal/x86_64/ExtractedAppShortcutsMetadata.stringsdata --source-file-list /Users/djoshea/Desktop/projects/photo-tinder/build/Build/Intermediates.noindex/PhotoTinder.build/Debug-iphonesimulator/PhotoTinder.build/Objects-normal/arm64/PhotoTinder.SwiftFileList --source-file-list /Users/djoshea/Desktop/projects/photo-tinder/build/Build/Intermediates.noindex/PhotoTinder.build/Debug-iphonesimulator/PhotoTinder.build/Objects-normal/x86_64/PhotoTinder.SwiftFileList --metadata-file-list /Users/djoshea/Desktop/projects/photo-tinder/build/Build/Intermediates.noindex/PhotoTinder.build/Debug-iphonesimulator/PhotoTinder.build/PhotoTinder.DependencyMetadataFileList --static-metadata-file-list /Users/djoshea/Desktop/projects/photo-tinder/build/Build/Intermediates.noindex/PhotoTinder.build/Debug-iphonesimulator/PhotoTinder.build/PhotoTinder.DependencyStaticMetadataFileList --swift-const-vals-list /Users/djoshea/Desktop/projects/photo-tinder/build/Build/Intermediates.noindex/PhotoTinder.build/Debug-iphonesimulator/PhotoTinder.build/Objects-normal/arm64/PhotoTinder.SwiftConstValuesFileList --swift-const-vals-list /Users/djoshea/Desktop/projects/photo-tinder/build/Build/Intermediates.noindex/PhotoTinder.build/Debug-iphonesimulator/PhotoTinder.build/Objects-normal/x86_64/PhotoTinder.SwiftConstValuesFileList --compile-time-extraction --deployment-aware-processing --validate-assistant-intents --no-app-shortcuts-localization
2026-09-14 12:35:44.774 appintentsmetadataprocessor[30336:3233122] Starting appintentsmetadataprocessor export
2026-09-14 12:35:44.777 appintentsmetadataprocessor[30336:3233122] warning: Metadata extraction skipped. No AppIntents.framework dependency found.

AppIntentsSSUTraining (in target 'PhotoTinder' from project 'PhotoTinder')
    cd /Users/djoshea/Desktop/projects/photo-tinder
    /Applications/Xcode.app/Contents/Developer/Toolchains/XcodeDefault.xctoolchain/usr/bin/appintentsnltrainingprocessor --infoplist-path /Users/djoshea/Desktop/projects/photo-tinder/build/Build/Products/Debug-iphonesimulator/PhotoTinder.app/Info.plist --temp-dir-path /Users/djoshea/Desktop/projects/photo-tinder/build/Build/Intermediates.noindex/PhotoTinder.build/Debug-iphonesimulator/PhotoTinder.build/ssu --bundle-id org.local.PhotoTinder --product-path /Users/djoshea/Desktop/projects/photo-tinder/build/Build/Products/Debug-iphonesimulator/PhotoTinder.app --extracted-metadata-path /Users/djoshea/Desktop/projects/photo-tinder/build/Build/Products/Debug-iphonesimulator/PhotoTinder.app/Metadata.appintents --metadata-file-list /Users/djoshea/Desktop/projects/photo-tinder/build/Build/Intermediates.noindex/PhotoTinder.build/Debug-iphonesimulator/PhotoTinder.build/PhotoTinder.DependencyMetadataFileList --source-file /Users/djoshea/Desktop/projects/photo-tinder/build/Build/Products/Debug-iphonesimulator/PhotoTinder.app/Info.plist --archive-ssu-assets
2026-09-14 12:35:44.793 appintentsnltrainingprocessor[30338:3233130] Parsing options for appintentsnltrainingprocessor
2026-09-14 12:35:44.793 appintentsnltrainingprocessor[30338:3233130] Starting AppIntents SSU YAML Generation
2026-09-14 12:35:44.795 appintentsnltrainingprocessor[30338:3233130] No AppShortcuts found - Skipping.

RegisterExecutionPolicyException /Users/djoshea/Desktop/projects/photo-tinder/build/Build/Products/Debug-iphonesimulator/PhotoTinder.app (in target 'PhotoTinder' from project 'PhotoTinder')
    cd /Users/djoshea/Desktop/projects/photo-tinder
    builtin-RegisterExecutionPolicyException /Users/djoshea/Desktop/projects/photo-tinder/build/Build/Products/Debug-iphonesimulator/PhotoTinder.app

Validate /Users/djoshea/Desktop/projects/photo-tinder/build/Build/Products/Debug-iphonesimulator/PhotoTinder.app (in target 'PhotoTinder' from project 'PhotoTinder')
    cd /Users/djoshea/Desktop/projects/photo-tinder
    builtin-validationUtility /Users/djoshea/Desktop/projects/photo-tinder/build/Build/Products/Debug-iphonesimulator/PhotoTinder.app -shallow-bundle -infoplist-subpath Info.plist

Touch /Users/djoshea/Desktop/projects/photo-tinder/build/Build/Products/Debug-iphonesimulator/PhotoTinder.app (in target 'PhotoTinder' from project 'PhotoTinder')
    cd /Users/djoshea/Desktop/projects/photo-tinder
    /usr/bin/touch -c /Users/djoshea/Desktop/projects/photo-tinder/build/Build/Products/Debug-iphonesimulator/PhotoTinder.app

** BUILD SUCCEEDED **

